"","county_code","county_name","average_wage_relative","doctors_per_1000_persons","beds_in_hospitals","cars_per_1000_persons","motorcycles_per_1000_persons","education_share_higher","education_share_secondary","education_share_vocational","education_share_primary","tourits_per_1000_persons","TERYT","POWIAT","P2010","P2011","P2012","P2013","P2014","P2015","P2016","P2017","P2018","P2019","P2020","EXP","high_exposure"
"1","0201000","bolesławiecki",88.5,14.3,235,613.5,31.4,17.43,35.08,25.51,15.85,427.36,"0201000","Powiat bolesławiecki","903.9","837.5","995.9",916.7,903.7,963.2,985.6,1020.4,1060.3,1093.1,1198.3,-230.3,161.55530075188
"2","0202000","dzierżoniowski",84.9,10,166,619.9,35.4,16.96,36.14,23.12,16.94,323.39,"0202000","Powiat dzierżoniowski","1,154.7","1,123.9","1,170.4",1226.4,1144,1252.6,1200.3,1298.2,1271.3,1256,1493.4,-283.6,456.65530075188
"3","0203000","głogowski",86.2,13.1,237,589,28.6,20.77,37.18,22.86,13.55,162.32,"0203000","Powiat głogowski","737.7","768.6","818.7",830.7,795,809.5,871.6,886.1,952.6,992,1188,-341.8,151.25530075188
"4","0204000","górowski",80.2,6,0,769.4,38.7,13.56,33.3,27.88,19.81,0,"0204000","Powiat górowski","1,009.2","953.3","973.4",1006.3,922.3,1138.8,1071.2,1110.6,1157.6,1109.9,1303.6,-258.3,266.85530075188
"5","0205000","jaworski",89.3,8,75,743.2,34.3,16.92,34.26,26.87,16.2,291.12,"0205000","Powiat jaworski","1,003.0","998.6","1,103.7",1078.2,1045.3,1204.6,1102.8,1195.1,1150.4,1162.7,1398.8,-294.4,362.05530075188
"6","0206000","karkonoski",82,10.3,718,667.7,25.9,19.67,34.94,23.94,14.69,8903.15,"0206000","Powiat karkonoski","1,155.0","1,136.9","1,113.8",1152.8,1089.6,1148.1,1247.9,1232.1,1380.1,1239.8,1485.3,-295.7,448.55530075188
"7","0207000","kamiennogórski",82.1,14.3,369,612,31.3,15.22,32.51,29.91,16.35,197.89,"0207000","Powiat kamiennogórski","1,067.0","1,089.3","1,179.7",1197.9,1186.9,1247.8,1077.2,1166.5,1267.2,1231.9,1369.9,-198.8,333.15530075188
"8","0208000","kłodzki",86,15.7,1048,720.2,46.1,17.07,37.24,23.53,16.38,1860.16,"0208000","Powiat kłodzki","1,188.0","1,174.3","1,189.9",1200,1176.9,1260.5,1244.9,1274,1296.9,1279.3,1591.6,-363.1,554.85530075188
"9","0209000","legnicki",88.3,1.5,0,684.1,32.5,18.27,35.14,23.82,17.23,326.65,"0209000","Powiat legnicki","1,103.0","988.9","1,192.4",1117.6,1081.4,1030.6,1068.7,1110.6,1139.2,1084.6,1322.1,-230.4,285.35530075188
"10","0210000","lubański",81.6,13,247,720.8,47.7,16.41,37.11,26.09,14.52,2070.75,"0210000","Powiat lubański","948.8","1,118.9","1,036.6",1160.6,1137.4,1058.3,1038.7,1178,1233.8,1196.5,1352.5,-241.7,315.75530075188
"11","0211000","lubiński",161.5,27.9,705,656.5,24.3,22.61,35.79,22.28,13.68,213.86,"0211000","Powiat lubiński","804.2","785.8","887.6",911,826.8,897.4,922.2,973.5,984.2,989.5,1172,-273.8,135.25530075188
"12","0212000","lwówecki",83.7,9.5,331,759.2,30.1,15.36,34.73,28.08,15.65,258.75,"0212000","Powiat lwówecki","1,075.0","1,093.7","1,079.9",1188.4,1131.2,1158.9,1126,1180.4,1187.5,1259.4,1504.4,-356.4,467.65530075188
"13","0213000","milicki",78.6,19.3,298,761.4,68.7,15.13,34.35,28.64,16.36,77.39,"0213000","Powiat milicki","1,015.9","945.9","908.3",923.9,978.9,1066.7,973.9,959.2,1116.5,1099.9,1358.2,-359.3,321.45530075188
"14","0214000","oleśnicki",86.4,9.2,198,674.5,42.1,19.05,35.33,24.73,15.57,230.6,"0214000","Powiat oleśnicki","919.6","902.9","922.5",948.9,873.2,901.8,922.1,979.1,981,983.3,1200.4,-267,163.65530075188
"15","0215000","oławski",90.3,11.2,198,685,38.1,22.05,37.31,21.37,13.7,196.6,"0215000","Powiat oławski","872.4","911.1","826.2",830.3,879.1,874.3,885.8,962,919,926.7,1149.6,-260.9,112.85530075188
"16","0216000","polkowicki",101.5,3.9,0,617.5,31.3,16.82,33.65,27.03,16.41,0,"0216000","Powiat polkowicki","906.9","799.6","850.7",836.4,861,955,944.8,983.1,1011.2,962.7,1180,-268.9,143.25530075188
"17","0217000","strzeliński",93.5,13.2,68,811.6,46.3,16.95,37.07,24.59,16.3,0,"0217000","Powiat strzeliński","1,021.3","1,076.3","1,120.8",1096.3,1067.2,1181,1111.7,1159.3,1148.1,1114.1,1408,-298.4,371.25530075188
"18","0218000","średzki",95.2,3,0,712.2,45.8,21.38,33.61,23.68,15.89,28.24,"0218000","Powiat średzki","981.5","1,023.8","944.6",930.1,881.2,1041.8,928.8,1025.9,1028.5,988.2,1084.6,-107.2,47.8553007518797
"19","0219000","świdnicki",91.5,14.5,424,647.4,34.9,20.42,36.06,23.02,14.63,178.04,"0219000","Powiat świdnicki","1,024.6","987.4","1,085.2",1063.1,1104.2,1089.8,1078.7,1110.1,1169.7,1209.5,1369.4,-277.2,332.65530075188
"20","0220000","trzebnicki",83.5,12,369,700.7,55.6,21.78,33.25,24.88,14.61,128,"0220000","Powiat trzebnicki","961.6","866.6","919.4",931.5,888.5,899.2,855.2,1000.7,1010.5,962.5,1140.8,-211.2,104.05530075188
"21","0221000","wałbrzyski",79.4,8,41,1012.4,66.2,17.21,33.38,25.02,18.03,635.11,"0221000","Powiat wałbrzyski","1,266.9","1,262.1","1,317.1",1210.2,1228.7,1346.1,1282.4,1279.2,1356.3,1424.2,1571.9,-274.6,535.15530075188
"22","0222000","wołowski",107,11.9,77,712.6,62.9,19.07,36.95,23.98,14.95,0,"0222000","Powiat wołowski","978.3","1,172.7","1,053.2",1070.5,990,1218.5,1041.8,1037.9,1128.3,1163.8,1300.2,-214.7,263.45530075188
"23","0223000","wrocławski",106.2,5.4,40,604.9,37.9,35.7,31.56,15.39,12.03,259.5,"0223000","Powiat wrocławski","789.2","767.7","798.0",730.3,729.3,745.7,765.6,739.4,812,776.9,762.4,3,-274.34469924812
"24","0224000","ząbkowicki",82.5,5.9,127,757.8,49.4,16.07,38.26,24.32,15.7,287.31,"0224000","Powiat ząbkowicki","1,165.3","1,120.2","1,175.1",1209.4,1155.1,1242.3,1258.3,1309,1323.8,1337.9,1556.4,-326.8,519.65530075188
"25","0225000","zgorzelecki",88.4,20.5,533,679.7,29.2,16.67,35.85,24.34,16.47,593.94,"0225000","Powiat zgorzelecki","1,015.5","998.9","1,066.9",1066.7,1145.5,1175,1136.7,1212.6,1286.9,1266.6,1465.1,-328,428.35530075188
"26","0226000","złotoryjski",92.7,13.7,95,726.4,31,16.03,32,28.25,17.95,123.4,"0226000","Powiat złotoryjski","912.5","1,001.0","1,019.2",1080.7,917.7,1126,1005.9,1037,1050.6,1143.7,1331.7,-302.3,294.95530075188
"27","0261000","m. Jelenia Góra",93.8,36.4,560,666.9,30.2,25.4,37.63,19.39,11.24,634.22,"0261000","Powiat m. Jelenia Góra","1,248.0","1,199.7","1,228.7",1228.6,1206.5,1220.6,1241.2,1322.1,1354.1,1387.6,1578.6,-314.9,541.85530075188
"28","0262000","m. Legnica",89.7,28,584,591.7,19.3,25.06,36.79,19.45,12.6,359.25,"0262000","Powiat m. Legnica","1,013.0","1,040.0","1,067.1",1080.8,1073,1142.1,1050.9,1131.9,1189,1138.9,1358.4,-265.7,321.65530075188
"29","0264000","m. Wrocław",111.2,56.5,4747,707.4,30.4,42.1,33,11.81,8.31,881.09,"0264000","Powiat m. Wrocław","1,015.0","1,002.4","1,027.4",1029.8,1027.6,1087,1014,1079.6,1108.2,1079.5,1166.3,-119.3,129.55530075188
"30","0265000","m. Wałbrzych od 2013",100.8,28.3,804,375.4,12,19.59,34.92,23.34,15.67,354.59,"0265000","Powiat m. Wałbrzych od 2013","-","-","-",1348.9,1344,1388.8,1389.5,1409.7,1423.5,1505.9,1780.6,-379.1,743.85530075188
"31","0401000","aleksandrowski",74.9,16.6,131,634.9,41.5,17.11,33.88,27.44,16.9,1570.27,"0401000","Powiat aleksandrowski","1,085.7","1,130.6","1,140.9",1068.6,1148.1,1128.6,1169.9,1107.6,1327.6,1178.6,1351.7,-203.1,314.95530075188
"32","0402000","brodnicki",77.7,13.4,141,674.7,78.1,15.83,31.12,27.78,20.02,467.89,"0402000","Powiat brodnicki","978.8","892.4","911.1",888.4,864.5,985.8,950.1,901.5,1041.1,902,1131.2,-199.6,94.4553007518798
"33","0403000","bydgoski",86,7.6,55,660.8,54.5,25.91,31.21,22.63,14.63,294.44,"0403000","Powiat bydgoski","771.6","744.4","753.5",783.6,708.9,729.8,736.3,817.8,836.1,766.7,864,-99.1,-172.74469924812
"34","0404000","chełmiński",81.3,11.1,124,595.6,38.5,14.26,31.13,28.69,19.96,74.42,"0404000","Powiat chełmiński","953.6","864.9","909.7",956.7,952.5,936.3,926.5,974.8,976.5,1036.2,1230.7,-281.9,193.95530075188
"35","0405000","golubsko-dobrzyński",90.1,12.2,136,759.1,68.8,13.85,32.3,28.06,20.97,389.93,"0405000","Powiat golubsko-dobrzyński","933.1","952.0","993.2",961.7,852.2,927.2,971.5,943.3,1088,1034.2,1167.8,-202.2,131.05530075188
"36","0406000","grudziądzki",84.7,5.1,35,763.3,52.3,13.75,30.14,28.36,22.19,115.11,"0406000","Powiat grudziądzki","776.2","888.0","878.5",863.6,856.5,922.2,883,840.6,955,923.3,1083.3,-204.6,46.5553007518797
"37","0407000","inowrocławski",83.2,18.4,473,643.1,39.5,16.61,35.89,26.23,16.54,297.55,"0407000","Powiat inowrocławski","1,017.9","1,011.3","1,016.6",994.1,1032.5,1015.2,1049,1078.8,1192.7,1162.2,1426.4,-369.4,389.65530075188
"38","0408000","lipnowski",74.4,11.6,256,737.6,68.1,13.76,30.64,26.42,24.22,0,"0408000","Powiat lipnowski","1,056.5","1,028.0","1,005.0",1012.8,1008.7,1025.4,999.1,1101.9,1160.9,1074.9,1277.9,-230.6,241.15530075188
"39","0409000","mogileński",77.2,11.2,105,740.5,69.9,14.79,33.83,29.94,17.05,78.32,"0409000","Powiat mogileński","915.0","1,048.4","878.3",1029.7,998.8,915.3,976.6,992.7,1038.9,1027.2,1243.1,-261,206.35530075188
"40","0410000","nakielski",80.1,10.4,131,643.1,58.7,15.15,30.22,30.49,19.04,103.27,"0410000","Powiat nakielski","877.9","803.1","863.1",868,799.5,872.9,853.8,900.7,1003.1,985.6,1129.7,-246.9,92.9553007518798
"41","0411000","radziejowski",78.2,12.5,219,795,58.7,14.5,32.49,26.47,22.78,0,"0411000","Powiat radziejowski","1,224.2","1,122.0","1,125.3",1023.9,1103,1053.4,1098.4,1120.6,1226.2,1159.2,1403.2,-277.6,366.45530075188
"42","0412000","rypiński",76.4,18.1,122,715.6,58.1,13.71,30.16,24.51,26.76,0,"0412000","Powiat rypiński","1,039.8","942.4","1,009.8",1064.8,985,1148.9,1010.5,1145.1,1156.2,1148.6,1237.3,-172.2,200.55530075188
"43","0413000","sępoleński",78,9.3,131,748.3,51.6,13.17,30.22,30.19,21.1,120.88,"0413000","Powiat sępoleński","886.7","889.4","858.4",938.5,860.2,952.2,938.6,865.6,1059.2,940.2,1225.7,-306.8,188.95530075188
"44","0414000","świecki",88,12.2,253,677,57.5,14.54,31.56,29.85,18.44,330.28,"0414000","Powiat świecki","906.1","892.9","937.4",909.6,890.2,949.5,1018.1,1034.4,992.5,1080.1,1165.1,-204,128.35530075188
"45","0415000","toruński",79.6,5.6,92,612.4,54.9,19.85,32.03,24.78,17.95,249.3,"0415000","Powiat toruński","897.2","751.3","807.1",813.3,765.9,800.5,858.5,879.7,905.6,882.6,956.9,-120.7,-79.8446992481203
"46","0416000","tucholski",76.2,11.6,120,766.4,59.1,13.94,29.5,32.38,19.37,258.19,"0416000","Powiat tucholski","901.1","864.6","864.3",922.5,855.2,820.6,876.3,911.9,987.3,904.2,1087,-196.2,50.2553007518798
"47","0417000","wąbrzeski",85.3,17.5,48,702.8,69.4,13.44,31.98,28.25,21.04,0,"0417000","Powiat wąbrzeski","1,059.6","853.2","1,023.7",1066.9,984.4,865.4,933.3,1024.8,1011.9,1073,1285.5,-295.9,248.75530075188
"48","0418000","włocławski",79.4,5,0,764.6,71.2,15.04,31.03,25.77,23.76,218.05,"0418000","Powiat włocławski","1,100.1","1,028.0","1,134.3",1077.1,1052.5,1080.3,1042.4,1124.7,1081.4,1109.9,1357.5,-274.4,320.75530075188
"49","0419000","żniński",77.6,15.2,149,696.1,58.3,14.94,32.58,31.21,16.73,403.62,"0419000","Powiat żniński","886.0","942.4","984.2",975.8,953.9,969.3,975.2,1016,1083.6,1042.2,1207.7,-224.8,170.95530075188
"50","0461000","m. Bydgoszcz",95.1,65.5,3348,652.4,37.2,29.25,34.57,19.72,11.29,326.53,"0461000","Powiat m. Bydgoszcz","1,018.6","978.8","1,042.0",1048.3,1026.2,1040.4,1042.3,1094,1171.5,1156.4,1368.7,-306.9,331.95530075188
"51","0462000","m. Grudziądz",79.9,39.2,802,492.4,36.9,18.28,36.64,23.84,15.2,348.63,"0462000","Powiat m. Grudziądz","1,102.9","1,018.7","1,071.9",1128.6,1039.6,1116.8,1135.1,1159.9,1323.5,1228.7,1417.2,-284.6,380.45530075188
"52","0463000","m. Toruń",96.5,41.9,1169,580.5,34.3,30.49,34.87,17.99,11.57,834.28,"0463000","Powiat m. Toruń","902.9","883.7","929.0",927.1,945.6,941.2,945.3,967.4,998.6,1057.5,1221.6,-271.8,184.85530075188
"53","0464000","m. Włocławek",88.5,30.5,553,570.8,39.1,21.72,36.64,21.8,14.68,170.26,"0464000","Powiat m. Włocławek","1,062.1","1,013.0","1,077.8",1091.1,1124.1,1201.6,1076,1158.7,1222.6,1229.5,1507.1,-381.5,470.35530075188
"54","0601000","bialski",77.1,6.4,102,753.3,67.5,18.55,34.79,22.73,18.87,460.25,"0601000","Powiat bialski","1,186.4","1,203.3","1,140.4",1210,1126,1130.7,1119,1155.4,1214.1,1138.8,1454.5,-292.1,417.75530075188
"55","0602000","biłgorajski",81.9,13.2,261,595.8,42.9,19,33.62,22.64,19.56,58.04,"0602000","Powiat biłgorajski","975.2","1,060.0","1,001.3",999.2,977.4,1022.1,1042.6,1041.8,1075,1018.3,1272.2,-250.9,235.45530075188
"56","0603000","chełmski",77.7,4.2,74,771.3,91.2,15.41,33.02,23.19,23.08,21.52,"0603000","Powiat chełmski","1,278.8","1,243.9","1,209.3",1232.6,1148.6,1242.5,1201.4,1262,1211.5,1045.2,1337.9,-130.3,301.15530075188
"57","0604000","hrubieszowski",81.8,12.1,340,619,34.2,15.98,36.29,21.15,21.49,129.88,"0604000","Powiat hrubieszowski","1,180.1","1,207.0","1,166.8",1254,1172,1154.4,1194.3,1319,1264.9,1268.2,1572,-353.9,535.25530075188
"58","0605000","janowski",80.3,18.3,250,546.4,62.5,17.98,31.32,22.84,22.58,247.6,"0605000","Powiat janowski","1,152.3","1,139.2","1,044.0",1153.9,1136.3,1245.7,1101.8,1103.4,1152.9,1119,1437.6,-302.8,400.85530075188
"59","0606000","krasnostawski",82.4,25.6,227,636.5,38.3,17.36,37.14,20.35,20.28,90.5,"0606000","Powiat krasnostawski","1,351.5","1,344.7","1,267.7",1361.9,1353.6,1402.6,1232.7,1378.4,1329.2,1408.3,1587.3,-244.2,550.55530075188
"60","0607000","kraśnicki",76.8,16.9,255,628.2,62.8,17.96,36.29,22.2,18.47,53.63,"0607000","Powiat kraśnicki","1,086.8","1,030.3","1,022.4",1045.9,1088.4,1136.7,1064.3,1139.9,1138.6,1108.6,1362.8,-276.6,326.05530075188
"61","0608000","lubartowski",79.1,11.2,213,631.7,58.2,18.43,31.74,24.09,20.93,104.19,"0608000","Powiat lubartowski","1,191.5","1,154.1","1,169.5",1193.2,1092.4,1131.4,1063.4,1179.9,1134.8,1078,1348.4,-209.6,311.65530075188
"62","0609000","lubelski",77,5.5,164,685.3,59.7,25.25,34.34,19.21,16.36,153.35,"0609000","Powiat lubelski","981.1","1,033.2","1,033.6",1050.5,988.4,982.2,958.6,969.1,993.5,920.1,1024.6,-33.6,-12.1446992481203
"63","0610000","łęczyński",115.7,21.8,217,732.6,62.7,19.62,36.45,21.65,17.47,87.75,"0610000","Powiat łęczyński","817.6","832.2","813.1",805.2,844.4,822.6,756.5,934.3,909.2,793.1,1141.1,-308.3,104.35530075188
"64","0611000","łukowski",75.1,10.5,457,644.9,59,17.3,31.74,24.88,21,49.62,"0611000","Powiat łukowski","1,024.1","952.7","1,021.6",993,996.4,1023,993.7,1034.1,1052.6,1056.5,1255.3,-240.5,218.55530075188
"65","0612000","opolski",77,7.8,133,699.9,60.4,16.16,36.14,23.26,19.54,177.99,"0612000","Powiat opolski","1,165.2","1,202.5","1,205.2",1230.7,1163,1339.8,1171.7,1216.8,1270.8,1226.7,1534.2,-315,497.45530075188
"66","0613000","parczewski",81.1,14.6,216,752.9,73.6,17.87,36.32,20.7,20.26,176.78,"0613000","Powiat parczewski","1,085.9","1,151.2","1,101.4",1174.5,1236.1,1200.8,1188.7,1240.8,1300,1232.4,1403.2,-212,366.45530075188
"67","0614000","puławski",96.2,20.7,669,627.4,50.3,23.37,36.46,21.24,14.27,1033.41,"0614000","Powiat puławski","1,079.3","1,034.1","1,090.0",1125.1,1004.1,1101.7,1147.5,1104,1106.2,1126.6,1357.3,-265.4,320.55530075188
"68","0615000","radzyński",79.4,12.4,264,714.4,65.1,16.73,33.97,24.46,20.12,30.65,"0615000","Powiat radzyński","1,141.6","1,143.4","1,066.5",1119.5,1069.5,1129.8,1029.6,1169,1239.7,1112.5,1458.6,-336.5,421.85530075188
"69","0616000","rycki",79.4,10.9,93,753.6,74.4,19.61,40.12,20.99,14.57,97.73,"0616000","Powiat rycki","1,113.2","1,119.2","1,108.9",1048.2,1016.8,1129.8,1058.8,1175.6,1203.1,1081.9,1408.5,-303,371.75530075188
"70","0617000","świdnicki",91.9,17,181,661.8,60.9,24.94,37.63,18.44,14.39,147.88,"0617000","Powiat świdnicki","1,083.2","1,056.1","1,036.6",897.8,990,962.2,1042.6,1047,1098.7,1030.6,1212.6,-188.1,175.85530075188
"71","0618000","tomaszowski",78.5,14.1,472,636.5,31.9,17.69,34.71,21.72,20.62,274.5,"0618000","Powiat tomaszowski","1,097.3","1,147.5","1,142.2",1083.2,1078.1,1145.9,1109.5,1172,1181.7,1262.8,1412.2,-270.2,375.45530075188
"72","0619000","włodawski",78.5,9.5,268,812.1,89.6,17.99,36.61,19.42,20.72,621.04,"0619000","Powiat włodawski","1,217.2","1,161.6","1,109.7",1169.6,1104.1,1110.7,1203.1,1158.8,1228.2,1279.7,1431.7,-257.4,394.95530075188
"73","0620000","zamojski",74.9,5.7,48,633.5,42,17.43,33.71,23.49,20.11,314.48,"0620000","Powiat zamojski","1,251.2","1,212.1","1,234.3",1232.6,1138.3,1131.4,1174.6,1217.6,1246.4,1276.7,1518.3,-306.8,481.55530075188
"74","0661000","m. Biała Podlaska",81.6,49,610,671.4,40.9,30.33,38.49,16.33,10.14,343.14,"0661000","Powiat m. Biała Podlaska","704.9","703.0","705.1",801.6,753.2,732.2,752.8,797,860.9,927.3,1036.1,-262.3,-0.644699248120332
"75","0662000","m. Chełm",83,35.8,512,653.7,42.7,27.88,39.45,15.88,11.94,162.51,"0662000","Powiat m. Chełm","970.7","917.8","858.5",959.9,901.7,951.6,972.7,1042,1064.6,972.2,1304.8,-343.6,268.05530075188
"76","0663000","m. Lublin",98,78.1,3968,605.5,29.1,39.4,34.45,12.19,9.27,587.53,"0663000","Powiat m. Lublin","914.6","934.8","910.6",903.8,920.3,954.4,960.2,1039.9,1047.3,1053.4,1256.9,-293,220.15530075188
"77","0664000","m. Zamość",90.8,67.4,744,560,25.1,29.42,39.85,15.16,10.51,766.17,"0664000","Powiat m. Zamość","715.3","752.3","759.4",795.5,792,843.5,789.2,854.5,909.5,957.3,1159.3,-342.5,122.55530075188
"78","0801000","gorzowski",90.8,7.3,92,737.5,67.3,20.32,32.46,23.78,17.13,182.78,"0801000","Powiat gorzowski","897.0","873.7","826.2",829.1,855.5,905.5,884.6,903,1054.2,992.1,1054.9,-152.8,18.1553007518798
"79","0802000","krośnieński",86.3,9.6,72,785.8,62.3,15.39,35.66,26.12,16.67,248.45,"0802000","Powiat krośnieński","970.2","992.2","996.0",1010.9,1032.6,1054.6,970.4,1053.5,1054.5,1139.6,1171.7,-144.3,134.95530075188
"80","0803000","międzyrzecki",82.7,20.3,194,720,56.6,17.17,34.75,25.82,16.11,524.51,"0803000","Powiat międzyrzecki","901.7","943.9","934.3",987.5,916.2,1007.1,962.7,916.7,1018.8,1002.6,1343.7,-384.6,306.95530075188
"81","0804000","nowosolski",83.7,27.9,480,644.3,42.3,16.57,36.15,24.93,16.2,102.93,"0804000","Powiat nowosolski","935.5","989.1","976.3",1046.3,965.4,1015.9,1013.6,1041,1105.4,1110.2,1343.6,-323.7,306.85530075188
"82","0805000","słubicki",81.1,12.7,112,697.6,68.3,17.42,36.68,21.87,16.96,1649.33,"0805000","Powiat słubicki","856.4","917.4","957.6",993.3,947.7,913.5,952.4,954.2,988.6,1014.5,1192.3,-242.7,155.55530075188
"83","0806000","strzelecko-drezdenecki",82.6,8.1,126,797.6,79.6,14.42,31.35,28.7,20.29,451.12,"0806000","Powiat strzelecko-drezdenecki","983.3","901.4","992.5",1052.4,1000.8,979.9,1073.4,1105.2,1167.4,1171.8,1277.9,-235.1,241.15530075188
"84","0807000","sulęciński",77.7,18.9,357,767.6,78.6,15.55,36.24,24.97,17.1,897.72,"0807000","Powiat sulęciński","1,109.3","1,064.9","961.7",1015.8,1077.6,1075.5,1133.8,1088.5,1139.7,1118.1,1385.4,-306.9,348.65530075188
"85","0808000","świebodziński",84.4,20,182,703.1,44.2,17.7,35.67,25.73,15.12,993.12,"0808000","Powiat świebodziński","961.2","948.9","952.8",961.3,915.6,989.9,926.5,1068.2,1104.1,1069,1283.1,-293.4,246.35530075188
"86","0809000","zielonogórski",91.2,9.3,225,802.3,56.7,18.52,33.74,26.96,15.25,252.58,"0809000","Powiat zielonogórski","852.4","863.2","851.0",896.5,867.2,948.4,901.9,1014.9,951.2,1002.3,1131.6,-216.7,94.8553007518797
"87","0810000","żagański",81.2,10.9,106,746,51.7,15.72,36.71,24.69,16.8,202.72,"0810000","Powiat żagański","975.6","1,021.2","1,001.4",1144.8,1073,1075.4,1154.2,1142,1229.1,1210.6,1482.2,-379.5,445.45530075188
"88","0811000","żarski",91.4,16.7,347,778.7,52.1,15.81,36.27,26.06,15.8,146.55,"0811000","Powiat żarski","1,014.6","987.7","977.7",1030,974.2,1059.2,1046.5,1039.6,1195.2,1156.5,1331.3,-283.2,294.55530075188
"89","0812000","wschowski",80.9,11.1,41,677.1,41.7,14.67,32.09,31.09,16.15,699.54,"0812000","Powiat wschowski","861.7","977.7","804.7",917.8,884.2,1053.4,893.7,922.7,1034.6,1075.5,1093.3,-150.7,56.5553007518797
"90","0861000","m. Gorzów Wielkopolski",86.7,32.9,892,662.4,35.1,25.08,36.63,19.84,12.44,310.54,"0861000","Powiat m. Gorzów Wielkopolski","834.7","887.6","933.6",966.7,872.3,987.8,957.1,994.7,1122.6,1189.3,1332.5,-357.9,295.75530075188
"91","0862000","m. Zielona Góra",94.4,40.5,946,628.7,26.8,32.93,36.19,15.81,9.85,273.56,"0862000","Powiat m. Zielona Góra","936.1","931.0","953.2",933.1,872.7,944.1,904.3,959.4,977.8,1012.3,1225.3,-282.9,188.55530075188
"92","1001000","bełchatowski",126.8,26.7,748,690,48.6,21.69,35.21,21.88,16.71,233.02,"1001000","Powiat bełchatowski","876.1","830.0","886.6",946.6,837.8,945.9,905.6,913.8,915.2,915.6,1100.6,-203.3,63.8553007518797
"93","1002000","kutnowski",86.7,12.7,266,732.2,70.7,17.85,36.7,22.27,19.06,248.76,"1002000","Powiat kutnowski","1,324.8","1,298.0","1,298.9",1277.7,1158.8,1276.9,1280,1336.2,1454.4,1334.2,1673.7,-369.7,636.95530075188
"94","1003000","łaski",75.4,15,112,787.2,69.9,18.97,34.54,23.89,17.89,214.98,"1003000","Powiat łaski","1,168.9","1,235.5","1,116.6",1170.7,1186.1,1245.9,1146.7,1184.2,1193.4,1247.1,1430.8,-241.3,394.05530075188
"95","1004000","łęczycki",87.3,20.4,218,795.1,57.5,15.51,34.37,21.39,24.51,48.91,"1004000","Powiat łęczycki","1,331.0","1,224.5","1,364.1",1306.9,1338.7,1265.2,1236,1302.4,1381.2,1281.5,1611.6,-308.5,574.85530075188
"96","1005000","łowicki",80.8,9.6,171,703.5,70.9,19.18,36.52,22.17,17.97,111.86,"1005000","Powiat łowicki","1,195.7","1,155.3","1,331.2",1244.3,1151.7,1202.9,1163.3,1285.5,1254.5,1283.5,1464.9,-238.1,428.15530075188
"97","1006000","łódzki wschodni",80.1,8.4,0,735,47.3,24.37,36.21,17.96,16.85,103.9,"1006000","Powiat łódzki wschodni","1,138.6","1,052.8","1,072.5",1092.8,1040.1,987.5,1046.5,1073,1109.9,1080.6,1213.1,-143.7,176.35530075188
"98","1007000","opoczyński",78.6,12.2,155,628.2,46.4,17.36,34.56,22.78,21,37.51,"1007000","Powiat opoczyński","1,099.7","1,133.0","1,200.4",1176.7,992.1,1163.6,1046.4,1182.9,1191.4,1172.6,1535.3,-399.4,498.55530075188
"99","1008000","pabianicki",84.6,16.3,338,664,40.5,23.52,36.49,18.31,16.7,298.2,"1008000","Powiat pabianicki","1,229.6","1,222.4","1,220.9",1213.4,1185.7,1236.2,1182.6,1263.1,1295,1200.7,1480.6,-255.6,443.85530075188
"100","1009000","pajęczański",82.8,5.8,28,684.6,72.5,16.2,30.82,27.75,20.68,67.32,"1009000","Powiat pajęczański","1,147.3","1,113.8","1,221.3",1149.1,1152.9,1217.9,1154,1139.5,1166.1,1176.1,1455.4,-291.6,418.65530075188
"101","1010000","piotrkowski",77,2,28,657.6,53,16.55,34.8,22.32,21.61,332.09,"1010000","Powiat piotrkowski","1,233.6","1,152.4","1,126.2",1180,1184.9,1188.8,1154.8,1137.7,1164.4,1176.6,1409.2,-239.3,372.45530075188
"102","1011000","poddębicki",103,8.7,286,750.8,79.1,15.76,32.33,24.49,23.11,940.5,"1011000","Powiat poddębicki","1,179.8","1,385.5","1,346.5",1314.7,1125.8,1295.3,1282.6,1264.8,1308.9,1245.7,1428.9,-153.9,392.15530075188
"103","1012000","radomszczański",79.1,17,381,676,52.3,17.7,34.11,24.39,19.36,132.6,"1012000","Powiat radomszczański","1,271.9","1,199.7","1,187.4",1198.1,1164.3,1234.2,1277.5,1260,1279.5,1249,1531.7,-299.5,494.95530075188
"104","1013000","rawski",81.6,10,76,734.6,65.5,17.94,35.03,23.44,19.09,683.11,"1013000","Powiat rawski","1,141.3","983.8","1,173.7",1067.9,1111.1,1148.8,1061.8,1175,1173.8,1177.9,1338.4,-216.9,301.65530075188
"105","1014000","sieradzki",85.8,24,784,752,67.8,18.77,33.71,24.02,19.16,133.4,"1014000","Powiat sieradzki","1,105.2","1,063.1","1,173.3",1189.5,1096.4,1071.6,1071.5,1198.3,1177.7,1153.1,1381.3,-251.3,344.55530075188
"106","1015000","skierniewicki",80.6,1.8,0,726.8,65.7,17.64,33.57,25.61,18.94,0,"1015000","Powiat skierniewicki","1,311.4","1,271.1","1,252.2",1309.8,1236.6,1188.5,1218.6,1178,1251.8,1136,1427.6,-192.2,390.85530075188
"107","1016000","tomaszowski",81,11.8,460,654.9,51.8,18.65,35.93,23.13,17.5,410.11,"1016000","Powiat tomaszowski","1,192.6","1,220.6","1,221.2",1234.2,1205.9,1222.2,1195.1,1229,1290,1260.7,1573.6,-346.5,536.85530075188
"108","1017000","wieluński",78.6,19.4,231,696.4,62.7,17.73,32.12,29.16,16.4,167.83,"1017000","Powiat wieluński","1,165.6","1,030.8","1,153.6",1107.7,1142.6,1194.9,1128.4,1183.8,1171.4,1186,1364.1,-217.6,327.35530075188
"109","1018000","wieruszowski",75.4,3.6,37,769.9,51.3,15.59,31.87,31.22,17.25,49.02,"1018000","Powiat wieruszowski","1,115.7","1,113.2","1,068.1",1041.9,954.4,1053.8,1102.7,1082.6,1046.1,1043.5,1284.5,-222.3,247.75530075188
"110","1019000","zduńskowolski",79.3,10.8,126,697.9,73.4,18.83,36.68,22.55,17.19,70.47,"1019000","Powiat zduńskowolski","1,004.5","1,027.9","1,052.9",1022.5,1023.1,1111.8,1165.3,1193.3,1135.9,1098.4,1250.1,-166.5,213.35530075188
"111","1020000","zgierski",92,30.7,699,627.7,43.4,23.28,36.34,19.02,16.48,168.89,"1020000","Powiat zgierski","1,185.8","1,190.8","1,235.2",1204.2,1104.2,1186.1,1175.6,1170.2,1211.7,1165.2,1355.6,-172.7,318.85530075188
"112","1021000","brzeziński",74.5,9.8,162,758.4,69.2,18.29,35.36,23.04,19.16,87.8,"1021000","Powiat brzeziński","1,119.0","1,107.3","1,152.4",1243.8,1197.1,1203,1196.2,1210.9,1254.8,1252.5,1532.6,-338.9,495.85530075188
"113","1061000","m. Łódź",99.8,56.6,5534,623.7,20.1,30.71,36.96,14.91,12.7,363.38,"1061000","Powiat m. Łódź","1,386.9","1,424.5","1,420.3",1443.3,1384.9,1448.5,1383,1449.3,1456.2,1417.7,1619.5,-198,582.75530075188
"114","1062000","m. Piotrków Trybunalski",80.1,31.3,396,635.3,38.6,25.42,40.54,16.26,13.18,186.29,"1062000","Powiat m. Piotrków Trybunalski","1,163.7","1,047.4","1,110.0",1022.6,1043.2,1228.7,1234.9,1220.6,1316.1,1249.8,1614.4,-450.7,577.65530075188
"115","1063000","m. Skierniewice",84.9,41.5,255,603.7,33.3,30.02,37.66,16.33,11.51,0,"1063000","Powiat m. Skierniewice","930.7","912.7","813.7",941.1,862.5,969.9,1010.3,925.5,1027,985.3,1185.3,-247.4,148.55530075188
"116","1201000","bocheński",81.9,8.8,193,584.1,45,19.68,35.91,25.72,13.79,255.42,"1201000","Powiat bocheński","838.1","834.7","878.3",866.1,872.2,868.4,879.9,856.4,848.8,809.4,1106.5,-251.3,69.7553007518798
"117","1202000","brzeski",76.9,14.8,220,605.7,55.8,17.04,32.57,30.27,14.84,0,"1202000","Powiat brzeski","849.5","862.5","886.5",866.3,793.3,870.2,906.8,896.5,901.7,923.4,1150.6,-274.9,113.85530075188
"118","1203000","chrzanowski",88.9,19,526,639.9,44.3,20.48,37.19,22.78,15.08,21.14,"1203000","Powiat chrzanowski","1,032.1","999.3","1,069.5",1079,1025.1,1063.5,1101.2,1076.8,1148.8,1173.4,1322.3,-245.4,285.55530075188
"119","1204000","dąbrowski",80.1,13.2,209,613.7,76,15.67,34.48,27.05,16.84,0,"1204000","Powiat dąbrowski","964.6","897.6","918.6",862.6,946.6,962.2,950.9,953.8,957.9,992.8,1176.8,-236,140.05530075188
"120","1205000","gorlicki",75.3,15.3,458,559.5,76.7,17.02,34.89,27.85,15.52,194.96,"1205000","Powiat gorlicki","862.4","891.3","856.6",948.8,872.7,940.2,935.2,930.5,943.8,951,1102.5,-189.3,65.7553007518798
"121","1206000","krakowski",104.8,6.6,347,650.1,48.1,26.17,32.61,23.13,13.55,189.25,"1206000","Powiat krakowski","926.5","959.6","925.1",905.3,863.4,940.4,892.4,944.9,910.8,910.8,1030.5,-112.6,-6.24469924812024
"122","1207000","limanowski",75.4,8.9,423,600.3,32.2,16.8,31.63,28.44,17.93,164.87,"1207000","Powiat limanowski","787.5","797.3","803.3",773.2,814.5,809.5,779.6,820.7,790.9,868.4,981,-176.5,-55.7446992481202
"123","1208000","miechowski",79.9,21.1,224,694,53.2,18.23,38.27,22.63,16.6,337.09,"1208000","Powiat miechowski","1,226.4","1,352.5","1,372.5",1307,1251.2,1318.7,1233.8,1313.8,1389.8,1315.7,1500.6,-192.5,463.85530075188
"124","1209000","myślenicki",81.9,13.1,288,641.3,51.6,19.97,32.05,28.08,14.96,143.94,"1209000","Powiat myślenicki","811.8","758.8","801.8",770.1,805.2,829.7,831.5,844,812.3,898.1,995.3,-179,-41.4446992481203
"125","1210000","nowosądecki",75.3,6.8,514,491.9,35.7,17.06,34.08,27.38,16.13,1119.05,"1210000","Powiat nowosądecki","753.8","740.7","761.2",741.7,755,709.8,765.2,755.8,788.8,785.5,1023.7,-268,-13.0446992481202
"126","1211000","nowotarski",78.5,18.3,642,477,31.6,16.25,28.64,26.61,21.49,917.08,"1211000","Powiat nowotarski","768.2","755.4","750.3",792.7,748.4,790.7,833.7,793.2,836.6,840.5,1026.9,-235.9,-9.84469924812015
"127","1212000","olkuski",89.1,16,419,668.4,40.3,23.07,38.65,20.01,14.04,75.28,"1212000","Powiat olkuski","1,003.1","955.5","982.1",1005.3,1034.8,1027.4,1019.4,1143.2,1154.7,1140.1,1325.1,-278.5,288.35530075188
"128","1213000","oświęcimski",88.9,14.5,434,632.1,37.5,20.11,35.86,26.37,13.04,279.21,"1213000","Powiat oświęcimski","906.3","954.9","1,041.8",977.9,954.7,1046.4,974,1053.4,1068.4,1094.2,1312.8,-305.6,276.05530075188
"129","1214000","proszowicki",83.9,15,163,748.9,54.2,14.51,33.17,29.36,18.56,62.83,"1214000","Powiat proszowicki","1,184.6","1,070.9","1,155.2",1133.3,1028.7,1117.4,1107.7,1124,1112.1,1201.4,1206.2,-82.7,169.45530075188
"130","1215000","suski",81.2,18.1,326,589,43.9,16.45,32.29,28.06,18.6,405.52,"1215000","Powiat suski","928.5","964.7","1,061.5",957.3,908.6,1082.9,992.4,956.1,1105.7,1017.1,1206.7,-209.2,169.95530075188
"131","1216000","tarnowski",75.1,5.6,116,618.7,52.9,16.8,31.84,29.91,16.12,105.74,"1216000","Powiat tarnowski","834.2","857.2","825.1",833.5,814.8,860.3,847.1,865.8,852.5,917.1,1104.9,-254.1,68.1553007518798
"132","1217000","tatrzański",84.3,26.9,652,525.1,58.5,18.77,31.36,22.74,20.45,10808.46,"1217000","Powiat tatrzański","897.1","865.4","916.4",899.1,896,961.2,945,925.8,916.5,959.9,1090.9,-172.7,54.1553007518798
"133","1218000","wadowicki",80.7,10.8,242,641.4,42.1,17.07,32.87,30.61,14.87,328.77,"1218000","Powiat wadowicki","871.3","919.2","918.0",887.3,858.6,907.6,928.6,982.3,1029.3,1013.9,1222.7,-291.1,185.95530075188
"134","1219000","wielicki",91.4,5.1,0,620.7,50.7,26.94,33.19,22.8,12.3,362.85,"1219000","Powiat wielicki","858.1","851.3","816.1",824.8,773.2,863.7,819.1,828.2,841.5,822.1,893,-63.2,-143.74469924812
"135","1261000","m. Kraków",117.4,58.9,5423,663.6,31.4,43.74,31.62,12.39,7.99,1020.77,"1261000","Powiat m. Kraków","935.3","922.5","966.1",945.1,929.3,996.4,937.9,999.4,1018.2,1023.3,1137.7,-170.4,100.95530075188
"136","1262000","m. Nowy Sącz",80.9,23.7,729,580.2,39.9,27.97,39.01,18.37,9.25,210.29,"1262000","Powiat m. Nowy Sącz","746.2","750.5","833.3",912,828.7,842.3,883.9,905.3,879,970,1238.4,-383.3,201.65530075188
"137","1263000","m. Tarnów",101.9,44.3,992,548.3,29.6,27.89,36.89,19.6,10.3,265.2,"1263000","Powiat m. Tarnów","876.0","881.1","902.9",911.3,878.1,974.3,871.5,976.9,1044.3,1051.8,1295.7,-358.9,258.95530075188
"138","1401000","białobrzeski",79.9,6.1,0,811.8,59.2,15.43,30.08,27.18,22.59,79.26,"1401000","Powiat białobrzeski","1,107.7","1,068.0","1,094.7",1124.8,1090,1252.3,1081.9,1034.6,1154.1,1163.3,1281.5,-164.4,244.75530075188
"139","1402000","ciechanowski",89.9,18.5,386,711.1,49.6,22.58,35.35,21.73,15.91,174.58,"1402000","Powiat ciechanowski","1,028.4","1,060.9","1,026.3",1041.9,1085.6,1016.2,1004.9,1070.7,1117,1121.2,1407.8,-350.5,371.05530075188
"140","1403000","garwoliński",85.2,16.3,270,717.8,55,18.53,35.54,24.45,16.95,262.85,"1403000","Powiat garwoliński","1,035.0","1,008.6","1,020.4",1068.5,950.7,960.1,1001.2,982.3,1010.9,1086.2,1260,-247.6,223.25530075188
"141","1404000","gostyniński",84,20.7,322,825.6,74.6,17.64,35.53,21.83,20.54,114.21,"1404000","Powiat gostyniński","1,085.3","1,096.0","1,086.9",1024.9,1154.4,1087,1196.9,1208.5,1202.9,1187.3,1563.6,-430.6,526.85530075188
"142","1405000","grodziski",104.3,21.7,294,700.5,37,32.39,35.2,14.83,12.55,227.16,"1405000","Powiat grodziski","961.9","970.7","1,027.5",907.2,999.6,940.4,959.6,982.9,1039.4,961.4,1036.1,-61,-0.644699248120332
"143","1406000","grójecki",92.1,11.6,251,822.8,52.8,19.63,36.13,22.4,17.17,240,"1406000","Powiat grójecki","1,059.4","1,151.0","1,191.8",1120,1102.4,1155.6,1126.3,1166.9,1208.2,1155.2,1397,-253.3,360.25530075188
"144","1407000","kozienicki",99,16.1,335,732.1,56.3,19.4,33.7,24.56,18.16,155.98,"1407000","Powiat kozienicki","1,029.8","1,040.6","1,108.0",1092.3,1220.2,1124.5,1159.9,1118.7,1100,1178.4,1416.8,-299.6,380.05530075188
"145","1408000","legionowski",91.6,6.1,187,675.3,34.2,33.39,36.68,13.35,11.57,739.53,"1408000","Powiat legionowski","759.8","778.7","708.9",746,758.6,824.9,773,910.5,908.9,906.1,989.5,-182,-47.2446992481202
"146","1409000","lipski",82.6,15,211,772.4,61.1,17.39,33.67,25.31,19.31,0,"1409000","Powiat lipski","1,354.0","1,296.9","1,351.2",1336,1414.2,1460.7,1441.8,1361.4,1390.3,1351.8,1562.1,-186.3,525.35530075188
"147","1410000","łosicki",81.2,12.1,111,824,52.4,17.66,34.85,21.75,21.68,103.36,"1410000","Powiat łosicki","1,277.8","1,300.2","1,283.1",1274.8,1179.6,1207.1,1252.1,1246.2,1327.8,1291.5,1461.2,-197.2,424.45530075188
"148","1411000","makowski",80.8,19.1,192,814.6,44.7,17.38,37.29,21.59,18.84,137.04,"1411000","Powiat makowski","1,102.0","1,188.6","1,194.3",1138.7,1100.5,1161.3,1158.3,1230.7,1336.1,1198,1648.7,-467.9,611.95530075188
"149","1412000","miński",85.4,9.8,289,601.1,46,25.17,35.92,19.92,14.31,102.35,"1412000","Powiat miński","1,059.8","1,031.9","994.2",977.1,891.1,1000.6,970.7,1021.5,1024.7,1030.8,1174.4,-174.2,137.65530075188
"150","1413000","mławski",83.9,12.5,171,731.7,51,17.45,35.72,24.62,17.07,140.31,"1413000","Powiat mławski","1,044.6","1,184.2","1,080.9",1199.3,1128.3,1147.7,1019,1256.8,1207.9,1211.1,1327.7,-179.7,290.95530075188
"151","1414000","nowodworski",110.4,15.7,174,831,41.2,22.31,37,20.33,15.63,258.32,"1414000","Powiat nowodworski","948.2","948.7","961.9",1006.7,1001.2,1003.3,1024.8,1013.7,1180.6,1066.2,1204.2,-188.7,167.45530075188
"152","1415000","ostrołęcki",82.6,2.7,0,670.8,40.5,17.31,31.86,22.09,23,51.32,"1415000","Powiat ostrołęcki","1,035.4","1,013.5","971.4",903.7,919.1,1016,883.4,1038.9,947,1033.6,1159.8,-183.6,123.05530075188
"153","1416000","ostrowski",84.2,13.3,198,682.7,36.9,17.2,34.45,23.53,20.03,68.17,"1416000","Powiat ostrowski","1,026.5","1,070.7","1,094.8",1070.3,1032.7,1122.6,1120,1123.7,1161.1,1112.2,1370.5,-277,333.75530075188
"154","1417000","otwocki",95.6,33.5,1144,644.1,40.5,28.12,36.45,17.56,12.84,350.87,"1417000","Powiat otwocki","950.5","969.4","918.5",944.5,979.1,1029.6,1013,1058.3,1067.4,1019.8,1224.1,-229.1,187.35530075188
"155","1418000","piaseczyński",93.5,14.3,765,577.1,33,37.12,34.22,11.83,11.7,256.57,"1418000","Powiat piaseczyński","786.6","793.4","805.2",746.8,787.6,741.3,815.9,869.4,914.9,896.2,976.2,-160.5,-60.5446992481202
"156","1419000","płocki",83.9,3.8,0,892.1,83.3,18.3,32.2,24.58,20,93.75,"1419000","Powiat płocki","1,095.7","1,022.9","1,057.0",1071.4,1057.9,1092.4,1036,1068.8,1143.9,1064.1,1305.1,-234.1,268.35530075188
"157","1420000","płoński",87.4,16.2,253,759,56.6,17.16,33.08,24.07,21.08,318.01,"1420000","Powiat płoński","1,155.2","1,125.1","1,154.1",1187.9,1150,1166.5,1210.5,1170.9,1161.8,1176.8,1371.1,-205.2,334.35530075188
"158","1421000","pruszkowski",114,17.9,387,674.1,36.6,35.84,36.48,11.94,10.77,334.18,"1421000","Powiat pruszkowski","929.7","853.4","860.5",871.6,858.5,941.7,903.2,986.1,982.2,976.1,1032.5,-116.2,-4.24469924812024
"159","1422000","przasnyski",84,15.5,261,763.7,33.1,17.77,35.05,21.06,20.9,58.94,"1422000","Powiat przasnyski","1,085.4","1,051.6","1,139.3",1070.2,1032.8,1069.2,1125.8,1012.7,1067.3,1165.6,1404.9,-322.9,368.15530075188
"160","1423000","przysuski",84.3,6.8,45,767.9,47.4,16.47,32.1,24.83,21.48,182.73,"1423000","Powiat przysuski","1,390.1","1,247.2","1,284.4",1230.7,1206,1156,1217.1,1240.3,1331.6,1407,1449.8,-178.8,413.05530075188
"161","1424000","pułtuski",84.1,17.1,165,781,46.4,20.02,34.18,22.82,18.25,0,"1424000","Powiat pułtuski","1,102.6","1,017.1","1,053.5",1098.5,1120.4,1066.4,1054.6,1135.7,1166.6,1037.4,1334.5,-249.2,297.75530075188
"162","1425000","radomski",79,6.8,195,615.2,38.5,19.84,32.63,22.93,19.58,60.05,"1425000","Powiat radomski","962.1","914.7","917.4",992.1,933.3,960.1,973.9,993.7,968.6,962,1165.2,-207.4,128.45530075188
"163","1426000","siedlecki",81.5,1.7,0,658.5,57.1,18.16,32.11,25.09,19.6,32.93,"1426000","Powiat siedlecki","1,078.7","1,106.1","1,096.4",1139.2,1094.4,1034.6,1038.7,1120.3,1083.9,1137,1398.9,-306,362.15530075188
"164","1427000","sierpecki",83.5,8.1,155,930.1,92.3,16.89,33.62,24.41,20.57,216.35,"1427000","Powiat sierpecki","1,150.8","980.6","1,159.5",1071.2,1052.3,1070,1167.2,1158.5,1241.5,1117.6,1445.3,-328.4,408.55530075188
"165","1428000","sochaczewski",104,9.8,165,779.3,63.6,20.8,37.11,21.59,16.27,156.59,"1428000","Powiat sochaczewski","1,035.1","1,139.9","1,038.4",969.3,1079.9,1113.7,1063.9,1059.3,1075.8,1150.3,1247.1,-174.5,210.35530075188
"166","1429000","sokołowski",86.8,14.3,272,692.7,48.6,18.57,32.91,25.48,18.6,49.11,"1429000","Powiat sokołowski","1,316.1","1,230.5","1,312.7",1269.3,1154.7,1212.2,1253.5,1252,1258.9,1281.7,1521.7,-267.5,484.95530075188
"167","1430000","szydłowiecki",75.3,7.8,0,666.4,50.8,17.59,33.08,26.27,18.25,214.91,"1430000","Powiat szydłowiecki","1,188.3","1,061.8","1,137.1",1060.6,1004,1089,1025.8,1151,1130.1,1109,1437.4,-341.7,400.65530075188
"168","1432000","warszawski zachodni",108.5,10.7,72,807.6,44.3,35.05,34.47,13.47,12.2,426.7,"1432000","Powiat warszawski zachodni","826.9","871.5","889.8",830.5,896.5,860.1,898.9,931,980.3,984,1024.9,-128,-11.8446992481202
"169","1433000","węgrowski",83.1,10.7,162,694.2,68.5,15.61,33.83,26.02,19.93,402.38,"1433000","Powiat węgrowski","1,188.9","1,190.9","1,158.6",1057.9,1121.6,1205.3,1146.4,1243.6,1184.1,1206.9,1393.7,-223.3,356.95530075188
"170","1434000","wołomiński",90.5,10.2,277,563.3,36.7,28.71,36.24,16.42,13.68,156.3,"1434000","Powiat wołomiński","858.8","820.2","862.9",806.9,840.3,852.7,834.5,917.4,900.5,907.4,942.9,-82.7,-93.8446992481203
"171","1435000","wyszkowski",79.7,14.9,193,656,30.4,19.48,33.96,23.58,18.02,187.06,"1435000","Powiat wyszkowski","924.9","981.3","965.0",931,894.1,974.3,908.5,1091.6,1053.8,1029.8,1249.9,-274.5,213.15530075188
"172","1436000","zwoleński",81.6,7.4,30,758.2,64.5,16.73,31.7,24.7,22.41,0,"1436000","Powiat zwoleński","1,131.0","1,209.7","1,275.2",1165.8,1089.7,1178.7,1171.5,1162.4,1280.9,1206.4,1410.7,-223.6,373.95530075188
"173","1437000","żuromiński",79.4,9.8,108,714.5,48.5,15.32,31.17,24.27,23.99,0,"1437000","Powiat żuromiński","1,056.4","1,050.7","1,062.1",1163,1108.2,1105.1,1130.9,1179.7,1308.9,1220,1449.4,-310.9,412.65530075188
"174","1438000","żyrardowski",92.6,12.3,247,799.2,55.5,22.42,36.45,20.49,15.9,478.18,"1438000","Powiat żyrardowski","1,184.8","1,167.4","1,092.4",1113.2,1147.7,1139.9,1150.6,1259.9,1296.6,1227.1,1447.9,-269.9,411.15530075188
"175","1461000","m. Ostrołęka",103.4,51.1,501,558,26.2,28.08,38.27,16,12.53,57.65,"1461000","Powiat m. Ostrołęka","694.6","696.8","652.0",690.8,782.3,713.6,839.6,854.6,865.4,891.1,1098.7,-330.6,61.9553007518798
"176","1462000","m. Płock",118.2,44.3,1215,724.2,31.5,27.52,37.86,17.73,12.03,288.35,"1462000","Powiat m. Płock","946.5","896.3","1,019.8",966.2,995.3,992,1036.5,1045.2,1129.5,1108.5,1440.9,-427.3,404.15530075188
"177","1463000","m. Radom",91.1,35.1,1327,576.3,23.9,28.95,35.61,16.93,13.38,142.21,"1463000","Powiat m. Radom","1,002.4","1,013.7","1,034.7",1036.2,1014.5,1066,1054,1114,1173.4,1117.7,1419.2,-356.5,382.45530075188
"178","1464000","m. Siedlce",93.9,67.2,815,596.9,36.6,33.32,36.19,15.32,10.4,446.06,"1464000","Powiat m. Siedlce","784.3","718.6","818.4",787.6,770.4,850.2,853.7,866.8,887.7,856.5,1141.5,-322.1,104.75530075188
"179","1465000","m. st. Warszawa",129.4,48.9,12149,765.7,30.4,47.35,32.26,8.24,7.78,710.8,"1465000","Powiat m. st. Warszawa","1,041.4","1,032.5","1,078.7",1089.6,1038.6,1068.8,1058.5,1087.4,1111.8,1070.1,1191.8,-124.1,155.05530075188
"180","1601000","brzeski",87.4,14.1,225,728.1,38.2,19.41,37.54,22.43,14.68,120.99,"1601000","Powiat brzeski","1,026.0","960.3","1,033.8",984.1,984.9,1047,1110.5,1163.8,1063.3,1103.8,1240.1,-192.4,203.35530075188
"181","1602000","głubczycki",85.2,14.1,162,738.9,34.2,16.06,33.68,26.2,18.4,83.3,"1602000","Powiat głubczycki","1,236.7","1,122.8","1,190.0",1241.5,1114.7,1277.8,1227.1,1363.5,1261.2,1267.5,1593.3,-363,556.55530075188
"182","1603000","kędzierzyńsko-kozielski",100.9,17.7,396,645.9,33.9,19.22,34.1,26.09,14.78,107.67,"1603000","Powiat kędzierzyńsko-kozielski","970.2","964.4","1,040.9",1020.5,1041,1090,1030.4,1082.8,1192.5,1105.9,1499.5,-445.6,462.75530075188
"183","1604000","kluczborski",86.5,10,122,680.3,38.8,17.35,34.85,25.97,16.21,159.97,"1604000","Powiat kluczborski","978.6","980.2","998.8",999.7,982,1015.3,1045.1,1147.7,1087.6,1016.1,1354.3,-329.2,317.55530075188
"184","1605000","krapkowicki",100.5,12.5,116,697.9,45.9,17.92,29.76,29.68,16.54,246.87,"1605000","Powiat krapkowicki","906.7","853.3","932.7",945.1,936.9,984.2,868.7,1043.7,1049.8,996,1280.1,-328.4,243.35530075188
"185","1606000","namysłowski",87,9.9,196,750.3,30.9,17.58,34.75,26.01,16.33,246.86,"1606000","Powiat namysłowski","980.1","1,031.4","1,156.2",1046.6,1086.5,1055.5,1005.5,1099.2,1099.6,981.4,1255.6,-201.4,218.85530075188
"186","1607000","nyski",84,18.3,1049,715.2,41.2,18.42,35.68,25.56,14.67,385.35,"1607000","Powiat nyski","1,027.4","1,033.8","1,028.2",1071.3,1042.8,1156.2,1056.7,1159.3,1203.5,1213.4,1374.1,-274.8,337.35530075188
"187","1608000","oleski",81.1,15.6,159,733.9,74.5,17.02,31.85,29.58,16.13,115.98,"1608000","Powiat oleski","946.2","939.6","987.1",1023.6,976.7,950.9,1018.7,1172.5,1046.7,1069.7,1406.9,-393.7,370.15530075188
"188","1609000","opolski",85.5,7.7,215,754.9,36.5,20.69,30.69,28.15,14.59,190.75,"1609000","Powiat opolski","884.7","870.5","900.3",861.7,838.5,923.3,871.6,945.5,951.4,973.4,1218.7,-316.6,181.95530075188
"189","1610000","prudnicki",80.5,9,164,678.8,38.9,17.28,32.88,28.31,15.68,145.75,"1610000","Powiat prudnicki","1,078.7","1,116.2","1,104.3",1280.1,1106.3,1214.5,1138.4,1211.4,1197.3,1209.2,1497.3,-331.7,460.55530075188
"190","1611000","strzelecki",87.9,12.3,161,622.7,47.1,17.56,30.5,30.17,15.95,179.61,"1611000","Powiat strzelecki","924.0","917.8","939.8",1024.7,924.4,1051.8,977.1,1075.8,988.6,1099.9,1309.4,-317,272.65530075188
"191","1661000","m. Opole",100,65.9,1057,759.7,27.5,36.55,35.12,14.28,8.92,400.73,"1661000","Powiat m. Opole","864.9","863.2","967.1",985.4,904.8,959.3,913.9,973.1,987.3,1032.7,1143.2,-198,106.45530075188
"192","1801000","bieszczadzki",80.5,11.4,70,852.5,56.4,18.3,34.16,23.5,18.58,3915.23,"1801000","Powiat bieszczadzki","857.9","761.9","817.7",856,866,989.9,925.9,857.6,896.4,1055.1,1209,-320.6,172.25530075188
"193","1802000","brzozowski",76.2,31.9,441,549.4,67.4,17.28,32.42,25.29,20.25,62.59,"1802000","Powiat brzozowski","940.9","928.6","917.1",950.3,864.6,961.9,930.2,915.8,964.6,930.7,1148.1,-217.6,111.35530075188
"194","1803000","dębicki",83.9,12.8,478,603.4,61,18.81,35.99,24.01,16.23,173.37,"1803000","Powiat dębicki","795.7","787.6","795.6",814.9,778.5,842.6,860.7,863.5,875,865.9,1170.6,-342.6,133.85530075188
"195","1804000","jarosławski",82.2,18.1,292,710.3,65.6,19.84,34.31,23.56,17.3,327.01,"1804000","Powiat jarosławski","948.8","921.2","904.0",904.9,898.4,942.8,900.5,967.9,947.2,972.9,1187.9,-257,151.15530075188
"196","1805000","jasielski",82.6,16.7,359,662.2,64,18.52,34.01,26.68,16.3,60.7,"1805000","Powiat jasielski","914.0","884.8","929.8",890.9,875.4,960.4,951.7,958.9,956,998.9,1141.9,-209.8,105.15530075188
"197","1806000","kolbuszowski",76.4,10.5,132,607.2,90.9,16.48,32.84,26.32,18.77,35.69,"1806000","Powiat kolbuszowski","800.1","854.5","893.5",816.2,814.8,914,873.2,904.9,856.3,937.7,1080.8,-214.3,44.0553007518797
"198","1807000","krośnieński",73.3,10.3,0,568.2,60.2,19.42,34.68,25.49,15.76,348.57,"1807000","Powiat krośnieński","865.9","939.9","963.0",918.1,863,933.6,888.6,950.4,940.6,992.9,1151.4,-225.8,114.65530075188
"199","1808000","leżajski",80.3,14.7,376,502.6,75.7,18.55,32.98,26.33,16.58,75.19,"1808000","Powiat leżajski","876.6","823.7","831.8",857.9,844.8,916.6,868,849.4,919.6,886.6,1221.1,-353.6,184.35530075188
"200","1809000","lubaczowski",76.3,16.1,229,557.1,85.6,17.92,32.41,24.77,19.72,252.13,"1809000","Powiat lubaczowski","945.9","1,065.1","998.4",992.7,977.9,1131.3,982.7,1029.6,1095.4,1037.2,1365.8,-340.2,329.05530075188
"201","1810000","łańcucki",78.3,11.2,290,564.3,59.6,22.73,36.76,21.73,14.45,132.44,"1810000","Powiat łańcucki","871.2","886.0","903.1",899.5,867.8,887.9,911.3,957.1,911.5,964.2,1186.3,-280.3,149.55530075188
"202","1811000","mielecki",85.6,17.2,494,573.4,51.4,19.85,34.52,26.95,13.64,114.53,"1811000","Powiat mielecki","819.6","755.4","802.3",832.6,876,912.6,870.3,883.8,918.2,913.7,1042.7,-184.3,5.9553007518798
"203","1812000","niżański",76,14,192,527.5,74.1,17.92,32.91,24.93,18.61,120.32,"1812000","Powiat niżański","870.5","885.3","906.5",910.2,839.9,901.4,920,915.6,961.2,964,1115.6,-208.1,78.8553007518797
"204","1813000","przemyski",74.7,6.1,0,651.3,62.6,17.23,34.48,24.24,19.17,231.45,"1813000","Powiat przemyski","893.3","887.2","916.6",913.8,829.9,858.9,901.4,917.1,886.4,928.1,1225.2,-331.9,188.45530075188
"205","1814000","przeworski",77,14.1,250,568.1,77.9,18.61,35.58,23.64,17.76,49.91,"1814000","Powiat przeworski","968.0","1,012.4","962.7",936.6,965.6,973.9,931.1,970.5,1002.3,967.4,1268.4,-299.4,231.65530075188
"206","1815000","ropczycko-sędziszowski",79.7,9.1,85,562.7,75.7,17.88,37.48,21.86,18.04,169.12,"1815000","Powiat ropczycko-sędziszowski","819.4","791.1","806.6",849.7,805.8,821.2,859.4,853.6,933.1,909.8,1160.3,-315.3,123.55530075188
"207","1816000","rzeszowski",83.5,5.2,254,568.3,69.5,22.99,34.28,22.39,15.58,304.97,"1816000","Powiat rzeszowski","882.7","877.5","862.8",873,879.5,932.4,841.7,881.6,866.6,899.1,1017.4,-137.7,-19.3446992481203
"208","1817000","sanocki",80.2,17.1,327,559.4,62.1,20.7,35.49,23.11,15.75,282.9,"1817000","Powiat sanocki","814.8","800.1","777.0",826.3,852.1,902.2,870.8,872,890.5,927.2,1183.7,-330.4,146.95530075188
"209","1818000","stalowowolski",86.5,21.4,445,523.5,52.1,22.26,35.91,20.94,15.25,152.37,"1818000","Powiat stalowowolski","827.2","820.7","811.6",882.5,899.3,892.4,963.1,967.4,912.1,957.9,1165.6,-272.2,128.85530075188
"210","1819000","strzyżowski",73.4,10.4,105,619.7,54.5,17.45,33.02,26.97,17.75,51.96,"1819000","Powiat strzyżowski","935.4","891.9","1,005.6",937.5,968.9,908.9,1021.7,1020.8,983.4,962.5,1160.6,-196.9,123.85530075188
"211","1820000","tarnobrzeski",85.5,13.5,236,585.3,82.5,17.77,34.63,25.01,17.66,317.84,"1820000","Powiat tarnobrzeski","860.7","871.6","858.9",927,931.1,863.7,996,883.7,984,1039.3,1171.5,-249.9,134.75530075188
"212","1821000","leski",87.5,20.8,175,746.6,87.3,18.89,34.59,22.01,19.59,5195.24,"1821000","Powiat leski","768.1","738.5","858.8",880.7,709.7,896.1,910,847.6,982.1,983.7,1115,-257.5,78.2553007518798
"213","1861000","m. Krosno",80.1,61.1,535,587.2,50.3,30.32,38.51,16.76,9.68,453.99,"1861000","Powiat m. Krosno","822.1","798.6","877.6",815.4,901.6,931.9,860.9,869.2,941.3,1020.1,1219.1,-335.2,182.35530075188
"214","1862000","m. Przemyśl",81.9,42.5,624,861.7,40.6,27.95,39.78,15.91,11.08,423.8,"1862000","Powiat m. Przemyśl","962.5","967.8","931.3",997,1039.9,1142.1,1086.7,1102.1,1146.2,1098.4,1460.7,-413.3,423.95530075188
"215","1863000","m. Rzeszów",99.9,81.7,2287,613.2,36.2,41.74,34.17,11.82,8.03,646.73,"1863000","Powiat m. Rzeszów","741.5","744.3","725.8",765.9,735.6,801.8,782.8,769.4,782.8,821,1003.8,-236.7,-32.9446992481203
"216","1864000","m. Tarnobrzeg",82.9,34,369,542.7,46.6,26.96,38.5,18.39,11.14,154.41,"1864000","Powiat m. Tarnobrzeg","792.1","789.4","811.3",790,842.9,864.3,912.8,858.5,952.9,989.2,1181.5,-321.2,144.75530075188
"217","2001000","augustowski",90.7,13.2,324,577.2,59.1,19.05,34.78,19.8,19.98,733.13,"2001000","Powiat augustowski","982.8","949.4","1,001.4",1106.8,945.6,1016,1108.5,1062.3,1094.1,1176.9,1383,-338.6,346.25530075188
"218","2002000","białostocki",80.7,12.2,84,567.5,42.7,24.89,34.97,18.11,16.2,251.65,"2002000","Powiat białostocki","1,012.5","968.2","1,032.9",1040.3,1018.8,1053,1076.3,1036.1,1067.4,996.3,1138.5,-108.3,101.75530075188
"219","2003000","bielski",100.4,16,266,699.8,51.3,19.28,35.36,18,21.5,0,"2003000","Powiat bielski","1,328.0","1,344.4","1,289.8",1256.2,1289.2,1395.9,1388.2,1512.2,1520.8,1509.4,1746.5,-363.1,709.75530075188
"220","2004000","grajewski",90,11.2,223,535.4,38.5,15.97,34.76,19.5,23.06,175.49,"2004000","Powiat grajewski","987.1","959.7","942.7",955.6,885.4,961.5,924.8,1003.8,1067.5,973.5,1325.1,-358.9,288.35530075188
"221","2005000","hajnowski",93.5,25.6,317,643.2,57.8,19.19,37.45,18.21,19.38,913.03,"2005000","Powiat hajnowski","1,573.4","1,529.8","1,578.0",1583.1,1563.1,1569.6,1660.6,1712.7,1753.2,1626.6,1954.6,-339.6,917.85530075188
"222","2006000","kolneński",81,8.2,139,609.3,46.1,15.6,30.03,21.7,26.28,0,"2006000","Powiat kolneński","1,017.3","953.2","922.2",1119.9,987.1,1024.6,970.1,1028.5,1097.2,1077.2,1164.6,-144.9,127.85530075188
"223","2007000","łomżyński",93.7,0.8,0,658.4,53.2,16.59,29.91,22.09,24.73,141.63,"2007000","Powiat łomżyński","1,020.9","1,100.2","1,124.6",1049.8,1099,1046.2,1055.2,1155.3,1143.5,1103.8,1172.4,-82.6,135.65530075188
"224","2008000","moniecki",83.3,9.6,161,568.2,43.9,14.82,32.29,20.35,25.86,161.4,"2008000","Powiat moniecki","1,115.5","1,174.2","1,192.3",1161.1,1162.5,1142.3,1061.8,1134.4,1268,1224.1,1380.8,-217.2,344.05530075188
"225","2009000","sejneński",81.2,8.3,94,718.3,138,19.07,35.23,14.66,24.78,445.26,"2009000","Powiat sejneński","1,112.2","1,079.1","1,015.8",1106.9,1225.2,1115,1242,1300.4,1224.5,1089.9,1558,-406.9,521.25530075188
"226","2010000","siemiatycki",81,8.5,122,675.1,55.3,16.8,33.54,19.28,24.7,426.52,"2010000","Powiat siemiatycki","1,258.5","1,222.8","1,226.6",1305.2,1273.7,1355.3,1342.3,1270.4,1398.6,1390.7,1691.3,-386.9,654.55530075188
"227","2011000","sokólski",82,14.7,195,631.6,60.3,16.32,37.12,17.88,22.77,104.18,"2011000","Powiat sokólski","1,185.6","1,184.7","1,191.7",1143,1226.8,1362.3,1295.6,1316.6,1402.2,1376.5,1540.2,-271.7,503.45530075188
"228","2012000","suwalski",76.1,2.3,0,709.8,78.9,16.9,31.8,19.09,26.23,347.37,"2012000","Powiat suwalski","920.3","872.5","1,010.5",998.3,916.4,985.9,1126.3,1071.4,1012.2,958.3,1258.9,-271.7,222.15530075188
"229","2013000","wysokomazowiecki",91.8,12.5,120,686.7,50.3,17.44,35.23,20.83,20.91,73.77,"2013000","Powiat wysokomazowiecki","1,068.0","1,103.7","1,119.5",1181.7,1084.8,1176,1143.2,1172.7,1103.3,1144.6,1400.2,-270.5,363.45530075188
"230","2014000","zambrowski",86.5,10.9,92,578.5,40.4,18.36,32.75,22.08,20.49,5.76,"2014000","Powiat zambrowski","893.6","849.1","949.1",924.2,963.5,992.4,989.8,934.3,1082,1051.2,1255.1,-292.2,218.35530075188
"231","2061000","m. Białystok",92.8,59.9,2328,495.1,24.5,34.93,36.53,13.29,10.36,442.93,"2061000","Powiat m. Białystok","787.9","779.1","782.6",830.7,815.5,837.6,820.1,867.3,907.9,865.6,1054.2,-224.8,17.4553007518798
"232","2062000","m. Łomża",88.2,34.6,462,506,26.9,28.11,36.09,17.34,12.41,156.29,"2062000","Powiat m. Łomża","726.8","657.2","762.6",734.7,687.2,776.1,763.8,778.1,835.3,763.9,1015.6,-267,-21.1446992481202
"233","2063000","m. Suwałki",82.6,27.9,474,520.6,36,25.75,36.93,16.18,15.27,515.02,"2063000","Powiat m. Suwałki","689.9","749.7","677.9",793.2,778.5,775.8,783.7,822.6,860.9,880.4,1037.2,-255.9,0.455300751879804
"234","2201000","bytowski",88.8,10.7,231,709.2,55.6,15.58,30.43,27.74,20.31,309.45,"2201000","Powiat bytowski","746.4","754.5","766.4",769.9,728.4,790.6,869.2,870.5,878.7,936.2,1086.1,-275,49.3553007518797
"235","2202000","chojnicki",79.6,17.3,473,663.3,48,16.14,31.47,29.87,16.82,307.44,"2202000","Powiat chojnicki","812.6","729.0","872.8",803.5,797,863.5,793.2,877.7,873.8,896.4,1061.6,-229.7,24.8553007518797
"236","2203000","człuchowski",82.7,3.9,104,670.8,57.2,15.24,31.94,26.73,19.91,558.74,"2203000","Powiat człuchowski","930.0","891.1","967.0",827.6,921.8,949.7,885.5,939.2,978.4,997.8,1277.9,-349.1,241.15530075188
"237","2204000","gdański",90.8,3.9,0,654.2,40.6,27.64,33.54,18.3,14.73,344.45,"2204000","Powiat gdański","619.4","593.1","669.7",629.1,615.8,644.3,647.9,667.7,645,673.5,720.7,-80.2,-316.04469924812
"238","2205000","kartuski",81.6,8.5,162,647.2,51.6,21.03,31.03,24.64,17.76,310.87,"2205000","Powiat kartuski","670.9","632.1","706.8",627.1,591.7,670.8,683.1,704.8,710.4,681.4,808.8,-140.9,-227.94469924812
"239","2206000","kościerski",78.4,30.5,500,692.5,67.6,15.71,32.16,29.8,16.84,832.36,"2206000","Powiat kościerski","735.0","768.4","781.2",830.9,798,877.9,832.2,800.5,871,910.6,1052,-231.4,15.2553007518798
"240","2207000","kwidzyński",87.3,7.9,275,666.7,36.6,16.55,34.41,23.93,17.86,91.4,"2207000","Powiat kwidzyński","856.7","829.4","818.2",850.5,829.4,922.1,885.5,947.3,933.3,937.2,1093.3,-212.3,56.5553007518797
"241","2208000","lęborski",86.9,5.9,260,644.1,30.7,18.16,33.06,24.11,18.51,1513.26,"2208000","Powiat lęborski","868.3","859.6","906.5",850,860.3,841.5,944.6,937.8,975.4,950.2,1113.3,-213.9,76.5553007518797
"242","2209000","malborski",82.6,16.3,144,622.1,43.4,18.14,34.68,23.58,17.59,385.99,"2209000","Powiat malborski","857.7","911.3","975.7",1033.3,936.3,1007.7,992.4,999.7,941.9,1099.5,1248.2,-272.7,211.45530075188
"243","2210000","nowodworski",85.7,6.4,632,693.1,36.7,15.18,32.87,26.34,19.28,3944.23,"2210000","Powiat nowodworski","966.8","900.9","929.6",1005.5,968.4,910.8,988.7,987.5,1054.6,1006.8,1226.2,-254.2,189.45530075188
"244","2211000","pucki",85.8,17.7,153,597.4,42.9,21.01,33.2,23.05,17.28,3173.44,"2211000","Powiat pucki","755.7","677.2","760.3",746.9,784.8,774.6,798.2,830.1,801.2,843.4,951.7,-174.5,-85.0446992481202
"245","2212000","słupski",85,4.7,0,669.4,45.5,17.67,31.07,24.66,20.46,1773.98,"2212000","Powiat słupski","850.7","885.5","889.0",884.5,895.3,907.4,915,966.9,978.8,1016.3,1180.3,-261.4,143.55530075188
"246","2213000","starogardzki",90,9.2,241,627.2,47,16.21,32.68,27.73,17.55,118.65,"2213000","Powiat starogardzki","816.7","901.1","899.9",855.9,901.6,887.7,867.8,827.8,913.1,927.7,1052.5,-172.6,15.7553007518798
"247","2214000","tczewski",91.1,12.9,260,624.8,45.6,17.41,33.1,26.85,16.49,185.17,"2214000","Powiat tczewski","888.2","919.8","935.0",903.4,900.3,993.2,947.4,930.7,982,985,1122.9,-184.4,86.1553007518798
"248","2215000","wejherowski",83.7,14.5,426,540.9,33.5,22.35,32.92,22.64,16.15,267.61,"2215000","Powiat wejherowski","707.0","690.8","709.0",674.4,689.3,698.6,766.3,739.2,832.1,848.8,953.6,-218.1,-83.1446992481202
"249","2216000","sztumski",85.4,3.3,236,716.7,60.5,13.86,31.65,26.67,20.74,10.9,"2216000","Powiat sztumski","879.1","809.3","916.7",845.4,806.1,852.1,846.7,980.5,964.2,771.5,1163.5,-296.3,126.75530075188
"250","2261000","m. Gdańsk",117.5,45.4,3008,640.8,22.1,38.4,33.71,13.31,9.45,1313.3,"2261000","Powiat m. Gdańsk","945.7","940.6","1,002.3",1011.7,1000.4,1057,1042.1,1067.4,1153.8,1088.5,1168.6,-137.7,131.85530075188
"251","2262000","m. Gdynia",105.9,32.4,649,637,31.5,35.3,34.88,14.9,9.81,345.26,"2262000","Powiat m. Gdynia","921.6","970.0","980.8",981.6,1000,1017.1,1044.4,1110.5,1043.4,1062,1168.5,-155.4,131.75530075188
"252","2263000","m. Słupsk",87.7,42.7,607,581.9,23,25.82,37.42,19.3,12.07,192.05,"2263000","Powiat m. Słupsk","962.2","919.3","1,081.1",1035.7,1081,1084.3,1113.2,1120.9,1119.2,1124.8,1344.2,-280,307.45530075188
"253","2264000","m. Sopot",118.2,32,254,842.7,37.1,41.72,33.83,11.45,7.89,5497.35,"2264000","Powiat m. Sopot","1,246.4","1,277.3","1,324.6",1265.3,1297.7,1374.9,1243,1133.5,1260.7,1289.5,1523.9,-252.6,487.15530075188
"254","2401000","będziński",84.1,12,363,629.9,32.2,24.86,38.04,19.8,12.81,240.51,"2401000","Powiat będziński","1,219.1","1,199.4","1,305.6",1323,1180.7,1297.7,1237.7,1314.2,1332.2,1296.8,1483.1,-212.5,446.35530075188
"255","2402000","bielski",87.3,12.4,543,643.2,40.5,22.08,34.57,26.95,11.9,612.43,"2402000","Powiat bielski","903.2","907.7","932.0",862.7,848.7,929.9,940.3,947.6,973.1,945.1,1157.6,-238.6,120.85530075188
"256","2403000","cieszyński",84.4,17.3,1842,646.8,35,20.07,34.4,27.67,12.88,1750.74,"2403000","Powiat cieszyński","942.6","971.4","958.8",945.3,886.9,995.4,1014.6,1082.2,1089.6,1035.7,1303.1,-310.9,266.35530075188
"257","2404000","częstochowski",83.4,10.8,137,694.9,73.7,19.5,34.2,25.87,16.29,45.12,"2404000","Powiat częstochowski","1,223.7","1,130.9","1,142.6",1147.7,1107.9,1159.3,1161.5,1240.2,1220.4,1208.4,1369.9,-195.6,333.15530075188
"258","2405000","gliwicki",85,18.5,420,634.1,35.8,20.07,33.35,27.25,14.02,105.75,"2405000","Powiat gliwicki","957.5","948.0","972.8",932.6,1014.3,996.9,983.9,957.7,1092.6,973.4,1231.9,-248.9,195.15530075188
"259","2406000","kłobucki",74,10.4,115,773,80.3,18.45,33.41,29.14,15.07,31.47,"2406000","Powiat kłobucki","1,033.1","956.1","1,020.0",1101.9,1047.1,1134.5,1083,1090,1147.9,1038.2,1351.9,-286.7,315.15530075188
"260","2407000","lubliniecki",84.4,14.1,291,653.8,68.3,19.09,32.66,29.12,13.93,198.15,"2407000","Powiat lubliniecki","957.2","959.5","959.2",966.3,922,1010,1057.6,1090.3,1032.8,1093.2,1369.7,-364.9,332.95530075188
"261","2408000","mikołowski",90.6,13,320,626.7,42,24.62,34.78,24.77,11.1,52.75,"2408000","Powiat mikołowski","903.9","925.2","911.3",875.8,978.8,948,946,1020.3,1029.4,984.9,1133.3,-180.9,96.5553007518797
"262","2409000","myszkowski",82.1,12.8,194,782.1,55.3,21.08,36.89,22.83,14.99,303.34,"2409000","Powiat myszkowski","1,172.5","1,078.0","1,123.7",1169,1088.3,1203.6,1172.9,1226,1260.6,1197.9,1383.2,-214,346.45530075188
"263","2410000","pszczyński",84.6,13.1,416,638.1,37.7,20.35,33.06,29.81,12.13,122.01,"2410000","Powiat pszczyński","778.9","733.6","821.8",828.7,790.4,834.6,829.4,825.5,820.9,900.1,955.6,-139.2,-81.1446992481202
"264","2411000","raciborski",94.1,14.9,283,576.7,35.9,19.63,31.46,28.34,14.65,192.06,"2411000","Powiat raciborski","936.8","881.1","992.6",993.3,961.8,994.5,971,1028.8,1135,1055.5,1404.7,-409.7,367.95530075188
"265","2412000","rybnicki",84.9,4.3,0,644,40.4,17.09,31.04,33.12,14.15,0,"2412000","Powiat rybnicki","846.8","894.7","1,001.9",933.9,1004.9,980.3,946.6,934.1,934.6,1022.4,1232.7,-282.7,195.95530075188
"266","2413000","tarnogórski",88,24.1,1116,589.3,35.7,24.91,35.55,22.47,11.93,229.74,"2413000","Powiat tarnogórski","894.6","964.5","941.7",995,1001.5,1011.7,942.6,1022.9,1064,1039.1,1194.2,-206.4,157.45530075188
"267","2414000","bieruńsko-lędziński",84.2,7.2,46,623.4,40.7,21.49,35.19,26.24,12.43,27.79,"2414000","Powiat bieruńsko-lędziński","845.9","723.6","805.5",763.7,803.8,839.6,872.2,857.6,865.6,929.4,1072.7,-242,35.9553007518798
"268","2415000","wodzisławski",78.3,10.4,462,628.3,32,17.82,32.24,31,14.12,100.58,"2415000","Powiat wodzisławski","978.1","986.5","1,011.3",1052.9,967.5,1074.2,985.8,1046,1103.1,1065.8,1279.4,-252.3,242.65530075188
"269","2416000","zawierciański",90.6,7.5,349,619.9,37.9,21.49,38.85,21.5,13.92,470.38,"2416000","Powiat zawierciański","1,231.3","1,252.8","1,314.3",1306.2,1270.6,1312.1,1288,1370.8,1332.3,1309.9,1557.5,-258.7,520.75530075188
"270","2417000","żywiecki",90.7,14,278,585.6,44.7,19.46,35,26.33,14.33,549.07,"2417000","Powiat żywiecki","1,014.8","1,024.2","1,020.1",1003.3,1010.6,1069.2,1068.4,1100.1,1123.6,1151.3,1350.2,-291.6,313.45530075188
"271","2461000","m. Bielsko-Biała",96.3,39.3,1193,706.2,29.4,28.2,35.72,20.63,10.3,404.02,"2461000","Powiat m. Bielsko-Biała","975.2","967.1","994.3",976.6,1036.5,1036.6,1006.9,1113.3,1088.9,1088,1251.6,-223.3,214.85530075188
"272","2462000","m. Bytom",92.7,34.7,1107,541.8,25.3,19.24,35.79,24.06,14.67,99.25,"2462000","Powiat m. Bytom","1,147.5","1,133.0","1,211.1",1203.6,1156.5,1256.4,1203.1,1266.5,1266.2,1282.1,1679.8,-467.2,643.05530075188
"273","2463000","m. Chorzów",88.9,33.3,801,490.6,22.7,21.81,34.84,22.86,14.66,262.6,"2463000","Powiat m. Chorzów","1,251.2","1,323.6","1,330.5",1379.3,1318.1,1363.9,1245.2,1376.1,1434.6,1400.5,1586.9,-244.6,550.15530075188
"274","2464000","m. Częstochowa",88.3,41.6,1468,623.3,34.8,28.44,37.15,18.36,11.49,516.9,"2464000","Powiat m. Częstochowa","1,150.5","1,136.2","1,149.4",1206.6,1183,1200.4,1238.2,1298.6,1330.8,1304.8,1542.5,-322.7,505.75530075188
"275","2465000","m. Dąbrowa Górnicza",105.2,24,445,643.8,31.1,24.72,38.5,20.19,11.95,156.56,"2465000","Powiat m. Dąbrowa Górnicza","1,054.4","1,161.0","1,142.6",1066.6,1101.2,1169.8,1097.6,1242.3,1205.5,1219.5,1445.6,-299.6,408.85530075188
"276","2466000","m. Gliwice",111.6,35.4,918,725.3,31.4,29.39,35.77,18.42,11.24,338.8,"2466000","Powiat m. Gliwice","1,025.5","1,048.2","1,055.6",1073.2,1028.7,1094.7,1041.7,1133.6,1175.9,1190,1385.7,-299,348.95530075188
"277","2467000","m. Jastrzębie-Zdrój",151.7,29,554,594.4,36.4,16.36,33.34,28.27,16.34,0,"2467000","Powiat m. Jastrzębie-Zdrój","747.6","770.6","864.6",864.2,814.7,938.7,923.5,977.6,1020.7,1035.9,1196.2,-300.4,159.45530075188
"278","2468000","m. Jaworzno",108.2,24.9,343,588.9,40.3,22.76,38.25,20.8,13.49,155.18,"2468000","Powiat m. Jaworzno","1,061.0","1,044.4","1,027.8",1096.1,1127.7,1159.3,1124,1183.1,1231.5,1214.1,1493.4,-366.5,456.65530075188
"279","2469000","m. Katowice",118.2,72.6,3442,789.5,28.7,32.33,34.33,17.9,10.92,582.98,"2469000","Powiat m. Katowice","1,154.0","1,165.8","1,169.4",1180.4,1128.2,1205.5,1170.2,1259.4,1221.5,1240.7,1499.4,-309.9,462.65530075188
"280","2470000","m. Mysłowice",86.2,13.8,195,617.3,26.7,23.73,35.98,22.74,12.56,NA,"2470000","Powiat m. Mysłowice","961.7","932.4","1,005.1",973.6,1023.6,966.4,1003.9,1012.1,1092.8,1112.5,1302.5,-294.1,265.75530075188
"281","2471000","m. Piekary Śląskie",97.3,29.5,387,553.5,28.8,19.47,35.14,26.67,13.7,293.31,"2471000","Powiat m. Piekary Śląskie","1,045.8","1,180.4","1,191.6",1043.2,1130.3,1244.1,1197.3,1198.5,1264.2,1210.8,1387.7,-217.1,350.95530075188
"282","2472000","m. Ruda Śląska",87.2,19.9,429,541.8,29.3,19.1,34.34,26.78,14.68,0,"2472000","Powiat m. Ruda Śląska","1,112.4","1,093.9","1,127.1",1115.1,1107.8,1230.3,1133.3,1232.4,1146.8,1212.7,1406.8,-255.6,370.05530075188
"283","2473000","m. Rybnik",90.3,22.6,694,630.6,37.1,20.54,34.3,26.94,13.32,82.87,"2473000","Powiat m. Rybnik","843.4","879.5","904.4",977.4,909.4,987.4,920.2,929.7,1013.5,1073.6,1230.1,-286.3,193.35530075188
"284","2474000","m. Siemianowice Śląskie",90.6,24.6,311,545,28.3,21.77,34.83,24.47,14.24,105.5,"2474000","Powiat m. Siemianowice Śląskie","1,182.3","1,123.6","1,163.3",1265,1152.1,1245.4,1191,1205.1,1263.9,1247,1488.1,-284.2,451.35530075188
"285","2475000","m. Sosnowiec",90.7,26,1189,596,23.6,23.7,38.9,20.68,12.24,84.81,"2475000","Powiat m. Sosnowiec","1,183.0","1,173.7","1,227.1",1291.8,1203.3,1248.6,1245.4,1279.3,1278.2,1298.2,1478.2,-235.3,441.45530075188
"286","2476000","m. Świętochłowice",83.4,11.8,236,538.8,25.5,18.03,33.62,26.41,16.32,0,"2476000","Powiat m. Świętochłowice","1,222.9","1,205.7","1,183.2",1228.3,1160,1366.5,1202,1086.5,1327.1,1370.5,1571.4,-336.1,534.65530075188
"287","2477000","m. Tychy",95.4,18.8,458,680.3,29.8,25.52,36.82,21.57,11.36,224.09,"2477000","Powiat m. Tychy","859.8","886.6","934.3",887.7,885.8,942.6,913.4,1032.8,1078.5,1039.4,1227.1,-281,190.35530075188
"288","2478000","m. Zabrze",94.7,37.4,1159,573,27.8,20.22,35.29,22.57,14.92,233.45,"2478000","Powiat m. Zabrze","928.5","961.5","989.7",1004.2,964.5,999.3,1035.4,1082.2,1089.3,1115.7,1301.3,-284.3,264.55530075188
"289","2479000","m. Żory",86.6,13.9,164,601.2,29,19.26,33.14,28.05,13.98,140.35,"2479000","Powiat m. Żory","694.4","640.8","687.5",653.4,711.1,826,731.3,790.6,781.6,832.5,966.6,-231.7,-70.1446992481202
"290","2601000","buski",79.2,25.9,378,647.2,68,19.24,33.16,25.01,18.23,892.79,"2601000","Powiat buski","1,292.7","1,273.8","1,256.5",1239.4,1181,1285.1,1182.1,1228.3,1224.2,1232.5,1481.2,-241.6,444.45530075188
"291","2602000","jędrzejowski",90,11.6,152,615.6,50.6,19.3,33.91,23.45,18.76,64.85,"2602000","Powiat jędrzejowski","1,172.0","1,140.5","1,146.4",1136.2,1184.5,1210.9,1122.5,1153.4,1208.1,1182.4,1455,-289.3,418.25530075188
"292","2603000","kazimierski",76.7,6.4,48,736,53,14.13,36.35,22.92,21.48,0,"2603000","Powiat kazimierski","1,369.1","1,281.8","1,327.2",1354.7,1185.7,1370.6,1267.4,1264.7,1214.6,1158.9,1526,-246.5,489.25530075188
"293","2604000","kielecki",78.9,13,419,611.7,45.6,22.25,31.4,22.83,18.87,259.04,"2604000","Powiat kielecki","940.2","930.2","947.9",969.1,908.5,960.9,915.7,956.8,964.7,950.5,1114.2,-169.8,77.4553007518798
"294","2605000","konecki",81.1,29,521,611.9,49.1,18.05,32.54,24.06,20.96,225.48,"2605000","Powiat konecki","1,082.9","1,165.8","1,143.9",1168.9,1103.3,1222.5,1203.5,1246.3,1222,1310,1572.7,-385.8,535.95530075188
"295","2606000","opatowski",77.3,7.6,74,722.7,66.2,16.18,32.42,26.54,20.6,148.26,"2606000","Powiat opatowski","1,331.5","1,219.6","1,285.8",1349.1,1338.4,1311.3,1257.9,1283.3,1476.6,1343.2,1559.7,-240,522.95530075188
"296","2607000","ostrowiecki",80.5,20.8,344,542.4,36.2,20.12,35.8,23.95,15.48,138.88,"2607000","Powiat ostrowiecki","1,121.9","1,125.0","1,134.4",1119,1115.4,1209.6,1205,1237.2,1279.8,1287.5,1595.2,-411.7,558.45530075188
"297","2608000","pińczowski",80.5,8.5,93,659.9,54.9,18.85,35.45,22.86,18.6,0,"2608000","Powiat pińczowski","1,373.1","1,367.6","1,228.2",1402.6,1357.7,1348.1,1199.8,1397.7,1269.9,1332.5,1706.8,-379.1,670.05530075188
"298","2609000","sandomierski",89.9,23.6,508,676.7,64.4,21.45,36.95,21.52,15.74,453,"2609000","Powiat sandomierski","1,175.9","1,123.3","1,201.7",1147.1,1090,1102.7,1124.1,1216.9,1277.7,1186.8,1426.5,-261.9,389.75530075188
"299","2610000","skarżyski",86.1,19.6,251,573.1,39.9,23.35,39.22,20.72,12.39,205.02,"2610000","Powiat skarżyski","1,058.3","1,068.6","1,102.7",1200.2,1134.5,1191.5,1267.9,1286,1337.6,1330.3,1656,-458.2,619.25530075188
"300","2611000","starachowicki",84.9,22.7,327,657.9,41.3,20.46,36.6,22.68,16.03,216.52,"2611000","Powiat starachowicki","1,067.7","1,060.6","1,085.2",1133.8,1125.6,1178.2,1133.1,1188.6,1221.1,1251,1659,-514.5,622.25530075188
"301","2612000","staszowski",87.4,17,375,718.8,74.1,19.36,32.8,26.33,17.16,135.39,"2612000","Powiat staszowski","1,011.1","1,061.5","1,108.3",1075.4,967.8,1078.1,1058.2,1065.2,1064.7,1063.9,1288.3,-232.9,251.55530075188
"302","2613000","włoszczowski",85.5,9.8,167,632.4,55.9,18.18,32.5,24.61,20.36,102.88,"2613000","Powiat włoszczowski","1,271.7","1,127.7","1,093.2",1211.9,1143.6,1287.3,1227.6,1244.1,1220,1194.1,1378.6,-176.5,341.85530075188
"303","2661000","m. Kielce",94.5,65.7,1747,612.4,24.3,37.25,35.73,13.08,9.65,452.33,"2661000","Powiat m. Kielce","917.3","882.4","950.0",973.4,960.5,1029.3,1030.7,1021.6,1086.9,1115.4,1413.7,-417,376.95530075188
"304","2801000","bartoszycki",83.1,14.7,297,656.8,63.6,15.65,32.68,24.13,21.59,205.86,"2801000","Powiat bartoszycki","939.8","995.2","939.8",1146.1,981.3,1135.1,1124.6,1059.9,1156.9,1134.6,1409.6,-348.3,372.85530075188
"305","2802000","braniewski",80.8,11.4,118,678,64.4,16,33.21,22.69,22.08,229.7,"2802000","Powiat braniewski","952.0","937.9","969.4",1024.3,1007.8,1004.3,1037.5,1004.7,1038.2,1111,1210.2,-201.5,173.45530075188
"306","2803000","działdowski",75.1,14.2,252,643.2,58,15.35,32.98,24.05,22.55,131.96,"2803000","Powiat działdowski","883.3","933.6","949.8",977.5,919.2,962.6,994.5,1030,1155.8,1040,1374.9,-390.3,338.15530075188
"307","2804000","elbląski",77.3,6.3,40,709.4,59.9,14.23,30.41,26.93,22.62,197.71,"2804000","Powiat elbląski","945.5","912.8","921.1",955.8,939.3,915.5,923.7,945.4,1065.2,1019.3,1261.4,-307,224.65530075188
"308","2805000","ełcki",79,21.6,436,457.5,38.2,19.84,36.33,17.68,18.5,219.01,"2805000","Powiat ełcki","753.0","796.1","771.1",860.2,759.8,880.1,862.9,919.2,904.8,922.9,1083.1,-240.1,46.3553007518797
"309","2806000","giżycki",81.7,19.5,211,585.9,45.8,19.71,34.41,20.53,19.28,1950.72,"2806000","Powiat giżycki","914.9","984.6","896.8",944.9,977.6,961.3,1073.4,1156.7,1101.5,1097.8,1262.7,-251.8,225.95530075188
"310","2807000","iławski",76.4,11.5,351,614.9,45.6,16.2,31.3,25.41,20.99,522.18,"2807000","Powiat iławski","832.1","821.5","914.3",876.7,830.7,875,924.1,970,949.6,977,1142.8,-245.7,106.05530075188
"311","2808000","kętrzyński",82.6,11.6,87,601.3,29.3,16.5,34.6,21.48,21.58,258.55,"2808000","Powiat kętrzyński","979.9","1,034.9","1,002.1",1152.8,1075.8,1113.9,1088.8,1273.7,1180.3,1167.3,1330.2,-223.3,293.45530075188
"312","2809000","lidzbarski",78.9,9.4,86,659.7,66.8,16.43,34.93,23.07,19.34,440.19,"2809000","Powiat lidzbarski","1,002.1","982.6","1,107.7",1125.9,1011.2,1008.3,1095.5,1087.5,1073,1072.4,1414.7,-358.1,377.95530075188
"313","2810000","mrągowski",78.1,11.5,207,566.7,50.9,17.28,33.68,22.3,20.36,3640.47,"2810000","Powiat mrągowski","823.7","842.4","860.7",917.1,909.3,947.1,1052.9,987.4,972.6,998.6,1157.3,-226.1,120.55530075188
"314","2811000","nidzicki",76.2,7.4,78,644.7,52,14.98,32.22,21.49,25.6,57.49,"2811000","Powiat nidzicki","952.8","864.7","1,029.5",1054.4,866.8,986.3,1031.1,1049.4,1098.7,910.7,1250.5,-266.1,213.75530075188
"315","2812000","nowomiejski",71.9,14.2,122,701.1,76.8,13.33,28.81,30.68,22,38.33,"2812000","Powiat nowomiejski","935.4","828.8","972.3",915.5,869.8,888.5,944.9,990.1,1036.4,1006.8,1159.5,-220.7,122.75530075188
"316","2813000","olecki",80.4,12.2,178,618.3,66.8,16.82,35.19,18.5,22.36,282.45,"2813000","Powiat olecki","914.7","912.6","973.4",941.8,944.8,958.2,1031.9,954.6,1031.4,1204.7,1297.6,-310.8,260.85530075188
"317","2814000","olsztyński",87.3,10.7,443,604.1,46.4,23.61,31.25,19.98,18.83,630.89,"2814000","Powiat olsztyński","837.6","851.8","798.1",869.2,824.8,892.6,878.2,938.3,951.7,945.1,1050.8,-172.1,14.0553007518797
"318","2815000","ostródzki",80.4,11.9,275,654.9,45.9,16.01,32.59,22.93,22.21,737.51,"2815000","Powiat ostródzki","941.5","883.0","969.4",1017.5,983.7,1004.5,1017.3,1030.7,1145.8,1083.9,1230.8,-223.1,194.05530075188
"319","2816000","piski",83.9,12.3,149,552.1,52.8,15.44,32.9,19.71,25.49,1123.13,"2816000","Powiat piski","863.6","918.9","938.7",947,826.8,902.1,896.5,931.2,1018.8,1031.5,1220.9,-293.4,184.15530075188
"320","2817000","szczycieński",81.9,11.2,188,648.5,49.8,18.11,30.66,21.58,23.22,523.32,"2817000","Powiat szczycieński","878.6","833.2","934.7",963.8,912,963.4,919.7,995.2,1097.5,1122.3,1194.3,-232.3,157.55530075188
"321","2818000","gołdapski",76.5,10.2,44,562.6,52.7,15.92,34.25,19.12,24.12,715.74,"2818000","Powiat gołdapski","977.6","776.2","944.9",976,886.8,936.7,959.9,945.1,922.7,1084.8,1147,-205.9,110.25530075188
"322","2819000","węgorzewski",78.1,15.8,90,687.7,62.6,16.7,33.92,22.19,21.41,552.82,"2819000","Powiat węgorzewski","986.7","1,029.2","1,157.3",907.4,958.4,1181.4,1148.8,1116.7,1263.7,1289.7,1464,-360.1,427.25530075188
"323","2861000","m. Elbląg",89.7,51.8,1051,553.6,34.9,24.21,35.85,21.29,12.47,354.39,"2861000","Powiat m. Elbląg","969.5","981.6","1,033.3",1055.4,981.5,1083.7,1079,1107,1136.3,1129.8,1326.6,-270.9,289.85530075188
"324","2862000","m. Olsztyn",98.5,67.7,1678,579.9,26,36.5,34.9,12.94,10.4,648.53,"2862000","Powiat m. Olsztyn","795.1","804.3","829.1",850.3,827.3,870.3,895.2,888,956,980.9,1041.4,-171.8,4.65530075187985
"325","3001000","chodzieski",82.4,11.5,156,790,86.5,15.61,32.11,30.63,16.5,480.38,"3001000","Powiat chodzieski","933.3","926.2","919.4",973.7,975.4,1022.6,1060.2,1000.2,958.4,1051.6,1254.5,-272.4,217.75530075188
"326","3002000","czarnkowsko-trzcianecki",88.2,7.5,244,722.1,79.7,16.17,34.83,26.06,17.16,86.77,"3002000","Powiat czarnkowsko-trzcianecki","884.7","912.6","935.1",973.5,901.2,1021.8,1034.7,1017,1003.6,1032.9,1177.6,-205.9,140.85530075188
"327","3003000","gnieźnieński",84.3,5.2,256,664,60,18.4,33.13,28.26,14.95,265.56,"3003000","Powiat gnieźnieński","883.5","834.4","924.6",902.8,888.7,954.4,900,974.8,1021.2,962.8,1213,-288.3,176.25530075188
"328","3004000","gostyński",85.1,5.2,263,752.3,40.5,15.12,32.29,32.16,16.01,120.19,"3004000","Powiat gostyński","885.0","925.8","944.5",977,942.2,924.2,934.2,992.5,1053.4,1048.5,1251.4,-288.7,214.65530075188
"329","3005000","grodziski",80.3,5.2,110,778.4,54.6,14.18,29.88,35.39,16.01,149.72,"3005000","Powiat grodziski","867.6","881.2","771.0",866.1,770.1,888.9,833,894.6,942.5,932.9,1107.8,-243,71.0553007518797
"330","3006000","jarociński",75.9,9.6,164,737.6,32.8,16.67,35.33,28.59,14.85,201.9,"3006000","Powiat jarociński","905.8","955.5","933.3",927,895.5,985.8,979.6,960.8,1078.4,1083.9,1217.9,-247.3,181.15530075188
"331","3007000","kaliski",76,2.5,0,760,49.5,17.59,30.24,26.88,21.12,128.53,"3007000","Powiat kaliski","983.5","960.2","958.3",1024,926.6,1028,929.8,987.4,1033.8,1009.5,1185.1,-201,148.35530075188
"332","3008000","kępiński",70.1,3.7,187,764.2,43.2,15.44,33.76,32.19,14.32,108.58,"3008000","Powiat kępiński","847.6","925.7","950.7",911.2,882,974.6,870.4,1016.9,983.1,1005.4,1118.8,-182,82.0553007518797
"333","3009000","kolski",88.6,10.1,224,738.5,77.8,15.65,32.28,25.97,21.29,57.54,"3009000","Powiat kolski","1,026.0","1,048.5","1,044.1",1070.9,1102,1124.9,1078,1062.8,1138.2,1088.3,1379,-300.6,342.25530075188
"334","3010000","koniński",75.8,2.7,0,766.5,80.2,17.08,30.96,27.13,20.06,461.73,"3010000","Powiat koniński","917.1","896.1","837.8",891.3,842.6,898.5,874.5,907.6,954.6,874.4,1121.9,-232.5,85.1553007518798
"335","3011000","kościański",83,15.1,237,752,36.9,17.46,32.03,31.64,14.79,83.6,"3011000","Powiat kościański","928.2","888.7","922.6",935,935.2,912.2,943.8,1053.9,1015.8,997.8,1213.1,-259.8,176.35530075188
"336","3012000","krotoszyński",72.8,8.7,197,723.3,46.8,16.05,34.64,30.71,14.2,90.57,"3012000","Powiat krotoszyński","911.5","926.1","983.2",964.5,905.8,994.6,959.8,992.8,1011.7,1069.8,1228.6,-256.6,191.85530075188
"337","3013000","leszczyński",89.7,2.2,122,707.1,43.5,17.78,31.24,31.44,14.87,549.26,"3013000","Powiat leszczyński","800.0","849.3","768.2",767.1,753.3,782.5,819.9,836.9,890.4,822.2,989.3,-180.3,-47.4446992481203
"338","3014000","międzychodzki",81.8,11.1,122,728.8,67.5,13.85,33.43,30.17,17.18,635.3,"3014000","Powiat międzychodzki","994.6","949.3","971.3",991.5,811,1033,952.3,950.5,980.2,1136,1219.9,-242.9,183.15530075188
"339","3015000","nowotomyski",87,11,180,789.9,60,16.73,31.62,32.39,14.31,322.01,"3015000","Powiat nowotomyski","856.8","857.4","774.1",884.9,857.6,909.6,861.1,923.8,978.9,925,1122.4,-239.5,85.6553007518798
"340","3016000","obornicki",87.9,7.3,147,745.9,66.4,16.29,32.2,30.16,15.79,66.25,"3016000","Powiat obornicki","782.8","778.1","799.2",894.2,834.8,869.9,883.7,998.8,945,957.9,1050.9,-176.5,14.1553007518798
"341","3017000","ostrowski",82.2,15.1,492,694.8,48.4,19.23,36.56,27,12.66,229.46,"3017000","Powiat ostrowski","895.4","928.0","905.6",928.1,857.4,1002.4,929.7,989.4,1050.6,953.4,1157,-213,120.25530075188
"342","3018000","ostrzeszowski",81.3,6.7,137,765.1,61,16,33.93,30.33,15.21,123.46,"3018000","Powiat ostrzeszowski","1,007.4","998.8","1,060.3",1000.4,942.9,1028.8,989.1,1025.7,1058.2,976.5,1296.3,-287.5,259.55530075188
"343","3019000","pilski",89.2,10,509,646.2,62.5,20.43,35.42,22.73,15.54,205.1,"3019000","Powiat pilski","835.8","869.8","888.2",884.3,925.1,978.8,930.4,931.3,1008.1,1006.9,1191.3,-265.4,154.55530075188
"344","3020000","pleszewski",81,20.3,345,821.1,35.1,16.85,32.52,30.43,15.71,234.8,"3020000","Powiat pleszewski","871.4","907.7","916.2",1037.8,944.8,982.1,1016.7,995.2,1015.1,926.8,1199.9,-238.5,163.15530075188
"345","3021000","poznański",86.5,4.2,309,622.2,40.1,32.26,32.21,19.29,11.32,231.6,"3021000","Powiat poznański","702.1","693.3","710.1",714.9,686,698.1,695.9,706.4,767.8,747.5,783,-70.8,-253.74469924812
"346","3022000","rawicki",78.9,9.7,0,719.4,43.3,15.44,32.94,32.29,14.35,74.82,"3022000","Powiat rawicki","889.1","858.8","878.2",893.5,888.8,998.2,944.3,988.6,1010.7,1073.8,1267.1,-324.7,230.35530075188
"347","3023000","słupecki",84.9,2.9,175,766.1,77.8,16.76,31.35,28.98,18.41,182.36,"3023000","Powiat słupecki","906.5","978.4","972.3",948.7,830.3,975.6,1014.5,962.8,1102.7,1014.4,1148.6,-178,111.85530075188
"348","3024000","szamotulski",95.5,6.8,134,752.9,55.8,17.75,34.25,28.08,15.11,114.54,"3024000","Powiat szamotulski","905.7","934.5","902.5",873.9,894.6,924.8,936.2,937.9,1047.2,949.6,1096,-165.3,59.2553007518798
"349","3025000","średzki",90.6,3.2,147,668.5,56.3,19.79,31.49,28.17,16.24,337.47,"3025000","Powiat średzki","832.5","898.3","852.9",926.7,892.5,855.6,915.6,878.8,1007.9,946.1,1071.6,-170.9,34.8553007518797
"350","3026000","śremski",81.1,12.7,283,675,46.9,18.14,33.52,28.98,14.66,136.93,"3026000","Powiat śremski","916.6","777.9","927.8",912.5,891.1,916.7,867.6,909.5,909.7,915.1,1036.1,-141.7,-0.644699248120332
"351","3027000","turecki",77.2,7.5,156,738.4,76.9,18.19,32.8,25.31,19.05,33.59,"3027000","Powiat turecki","998.6","930.3","1,028.0",950.8,922.2,1017.4,1038.4,991.4,1029.9,1041.7,1188.5,-193.6,151.75530075188
"352","3028000","wągrowiecki",81.3,4.5,107,743.6,63.2,15.08,31.47,31.4,17.17,167.99,"3028000","Powiat wągrowiecki","908.7","855.9","876.9",945.7,903.6,918.5,951.4,897.2,1002.4,908.9,1154.8,-237.9,118.05530075188
"353","3029000","wolsztyński",81.3,9.7,173,687.1,35.9,15.36,30.37,33.7,15.73,440.91,"3029000","Powiat wolsztyński","861.9","824.7","834.8",863.6,734.9,837,849.3,917.4,884.4,953.8,1009.3,-153.1,-27.4446992481203
"354","3030000","wrzesiński",86.5,14.8,191,636.1,44.3,19.36,32.36,28.25,15.65,217.99,"3030000","Powiat wrzesiński","872.1","818.0","841.5",947.7,888.6,925.9,874.4,906.6,1047.2,974,1138.9,-229.3,102.15530075188
"355","3031000","złotowski",73.2,9.1,244,601,59.7,15.45,32.6,25.3,19.86,81.93,"3031000","Powiat złotowski","821.5","845.2","842.0",951.2,831.6,979.3,899.7,956.8,1057.2,939.5,1117.8,-205.4,81.0553007518797
"356","3061000","m. Kalisz",85.4,34.8,708,775.5,26.2,25.15,36.45,19.7,13.81,189.77,"3061000","Powiat m. Kalisz","1,062.8","1,025.9","1,122.4",1145.7,1114.3,1200.9,1098.7,1206.1,1285.6,1315.7,1501.9,-344.1,465.15530075188
"357","3062000","m. Konin",88,44.5,752,668.7,28.8,24.73,38.3,19.55,12.97,84.94,"3062000","Powiat m. Konin","832.3","851.9","871.7",885.1,895.6,980.4,951,957.7,1091.7,1048.2,1364.4,-427.8,327.65530075188
"358","3063000","m. Leszno",87.3,32.2,440,632.4,32.3,26.19,36.64,20.79,10.97,132.68,"3063000","Powiat m. Leszno","919.9","787.2","856.3",798.2,837.3,849.3,856.2,922.1,949.7,1020.8,1202.7,-323,165.95530075188
"359","3064000","m. Poznań",110.5,49.3,5097,758.3,33.9,39.31,33.16,14.27,8.64,732.53,"3064000","Powiat m. Poznań","1,012.0","973.5","1,027.9",1051.2,1016.8,1068.1,1037,1043.8,1090.7,1064,1200.6,-162.1,163.85530075188
"360","3201000","białogardzki",84.6,15.1,168,622,60.4,15.2,33.27,24.28,20.58,0,"3201000","Powiat białogardzki","975.9","951.1","966.6",1048.4,1082.6,1036.8,1034.4,1069.7,1055.9,1176.2,1350.8,-311,314.05530075188
"361","3202000","choszczeński",83.3,12,317,679,71.7,14.82,32.24,24.12,22.89,92.03,"3202000","Powiat choszczeński","1,011.6","985.8","1,005.1",1021.6,984.6,998.5,1028.1,1080.1,1034.9,1043,1278.8,-259.5,242.05530075188
"362","3203000","drawski",80,11.7,227,644.3,86.8,15.58,33.52,25.05,19.38,644.18,"3203000","Powiat drawski","990.3","903.5","882.7",1064.6,988.7,1036.7,981.3,1048,1077.4,1122.9,1246.5,-236.9,209.75530075188
"363","3204000","goleniowski",92.4,11.9,174,701.4,56.8,18.58,34.04,22.4,18.52,387.06,"3204000","Powiat goleniowski","918.6","919.5","898.4",913,919.1,967,950.7,943.7,1046.9,1049.5,1149.2,-196.6,112.45530075188
"364","3205000","gryficki",79.5,34,284,683.6,50,16.52,34.49,24.44,18.17,3682.48,"3205000","Powiat gryficki","1,018.4","1,038.3","953.4",1034.2,914.9,1016.6,974.1,1078.3,1087.3,1046.7,1429.3,-413.1,392.55530075188
"365","3206000","gryfiński",88.7,7.1,49,740.6,61.8,16.25,32.09,24.79,20.66,291.94,"3206000","Powiat gryfiński","980.5","914.1","874.7",1069.3,912.8,962.1,877.5,987,1095.2,1117.2,1295.4,-316.4,258.65530075188
"366","3207000","kamieński",77.9,8.4,31,711.3,55,16.71,36.01,22.12,19.2,5386.85,"3207000","Powiat kamieński","998.5","978.4","1,054.4",1020.9,1042.3,1048.7,1051.4,982.7,997.8,1014.5,1386.9,-367.9,350.15530075188
"367","3208000","kołobrzeski",82.8,26.5,411,615.3,38.8,21,36.91,21.15,14.86,7168.52,"3208000","Powiat kołobrzeski","870.0","865.2","879.7",896.9,897.8,938.5,991,1007,1058.5,1087.2,1238.8,-289.6,202.05530075188
"368","3209000","koszaliński",83.6,3,0,640.5,56.3,18.38,30.83,23.91,20.52,2819.4,"3209000","Powiat koszaliński","955.8","862.8","904.3",882.5,886.2,908.8,910.2,954.1,1047.5,1011,1234,-301.7,197.25530075188
"369","3210000","myśliborski",81.5,11.7,167,733.7,57.4,15.75,33.81,24.69,19.46,256.61,"3210000","Powiat myśliborski","965.1","926.3","930.0",1071.3,953.1,1045.9,1057,1074.7,1112,1104.6,1294.1,-270.1,257.35530075188
"370","3211000","policki",100.2,19.6,150,574.1,34,32,31.85,16.93,13.08,205.71,"3211000","Powiat policki","613.1","661.1","653.7",626.4,643.8,665.2,658.1,656.1,733.6,692.8,706.2,-45.8,-330.54469924812
"371","3212000","pyrzycki",80.2,10.4,65,748.5,58.6,14.84,32.93,24.35,21.68,59.86,"3212000","Powiat pyrzycki","965.7","999.5","1,058.3",985.8,970.8,1030.1,1051.6,1109.2,1171.9,1225.9,1197.8,-140.9,161.05530075188
"372","3213000","sławieński",78.8,9.6,119,690.7,44.6,15.45,33.28,25.37,19.93,2888.37,"3213000","Powiat sławieński","937.7","988.6","904.8",981.2,939.3,1100.7,991,1009.3,1043.5,1074.1,1287.8,-290.8,251.05530075188
"373","3214000","stargardzki",86,15.9,241,637.3,45.7,20.76,35.3,21.24,16.95,255.85,"3214000","Powiat stargardzki","921.1","900.6","932.4",911.1,909.4,937.2,955.3,1035.2,1003,997.6,1174.6,-224.3,137.85530075188
"374","3215000","szczecinecki",87.4,12.9,186,533.7,29.1,17.7,35.55,21.42,19.07,241.82,"3215000","Powiat szczecinecki","1,005.0","982.5","986.9",938.4,907.9,971.4,1022.8,1026.2,1036.2,1099.9,1340.5,-342.8,303.75530075188
"375","3216000","świdwiński",78.6,9,61,660.3,57.4,14.97,34.25,24.26,20.02,163.37,"3216000","Powiat świdwiński","1,151.0","945.6","1,100.8",1110.6,972.6,1096.7,1163.8,1128.4,1070.7,1261.8,1312.8,-212.6,276.05530075188
"376","3217000","wałecki",84.7,16.8,276,600.8,76.7,18.16,34.91,22.39,18.57,365.95,"3217000","Powiat wałecki","959.4","868.4","1,040.3",1010.9,1002.9,972,980.4,1020,1024.7,1102.7,1311.6,-313.4,274.85530075188
"377","3218000","łobeski",85.3,7.8,0,691.4,75,12.98,31.97,25.33,23.32,186,"3218000","Powiat łobeski","1,055.6","1,044.5","1,079.9",1133.2,1042.5,1105.9,970.4,1055.1,1229.5,1079.7,1482.5,-402.9,445.75530075188
"378","3261000","m. Koszalin",90,39.5,580,569.4,20.2,29.82,36.16,16.67,11.44,0,"3261000","Powiat m. Koszalin","856.4","846.1","913.1",954.2,884.9,984.6,1026.1,1036.6,1025.1,1025.9,1258.5,-303.2,221.75530075188
"379","3262000","m. Szczecin",103.1,68,3283,595.8,24.2,32.73,34.85,15.76,10.81,553.79,"3262000","Powiat m. Szczecin","1,012.0","1,009.0","1,033.9",1043.3,1016.4,1090.8,1056,1139.2,1228.9,1181.1,1337.7,-256.6,300.95530075188
"380","3263000","m. Świnoujście",99.9,15.1,112,578.1,40.9,22.58,39.23,19.42,12.39,6948.44,"3263000","Powiat m. Świnoujście","940.3","941.8","964.9",1053.5,960.7,1123.3,1174.2,1182.1,1291.3,1171.6,1225.1,-144.7,188.35530075188
