"","municipality_code","index_ineq"
"1","0201011",0.574860349167325
"2","0201022",0.368710000876813
"3","0201032",0.430940207685592
"4","0201043",0.373864179659909
"5","0201052",0.46629128360515
"6","0201062",0.331602455901476
"7","0202011",0.468727384715691
"8","0202033",0.396372364358214
"9","0202041",0.400081937721785
"10","0202062",0.41737192491633
"11","0202073",0.42024634571735
"12","0203011",0.516911093372527
"13","0203032",0.479004836082648
"14","0203042",0.346853016148761
"15","0203052",0.26702188373807
"16","0203062",0.390098327289625
"17","0204013",0.410748536592934
"18","0204022",0.269791772602209
"19","0204032",0.322314879342689
"20","0204043",0.341100984171939
"21","0205023",0.32430819055856
"22","0205032",0.355334160475109
"23","0205042",0.268974457471765
"24","0205052",0.238773306474599
"25","0205062",0.373903421952973
"26","0206011",0.709268895040266
"27","0206031",0.409812576362949
"28","0206041",0.494639190697113
"29","0206062",0.300245887957444
"30","0206072",0.363783450716646
"31","0206082",0.417265692708982
"32","0206092",0.382257446624441
"33","0207011",0.473818534682001
"34","0207022",0.335366923960789
"35","0207033",0.433912841630764
"36","0207042",0.352974866389979
"37","0208011",0.467577531740648
"38","0208021",0.54451291491977
"39","0208031",0.497576010145888
"40","0208041",0.374742985985502
"41","0208051",0.643444394373266
"42","0208063",0.391081373490739
"43","0208072",0.335494465342416
"44","0208083",0.352307692560005
"45","0208092",0.368569443549752
"46","0208103",0.365442666470489
"47","0208112",0.429962897203386
"48","0208123",0.429712921364817
"49","0208133",0.27615499603266
"50","0208143",0.3032126969854
"51","0209011",0.457310435935991
"52","0209022",0.293904723996809
"53","0209032",0.338061494952585
"54","0209042",0.409681672896647
"55","0209052",0.419832409321048
"56","0209062",0.311710553592962
"57","0209073",0.430710981011089
"58","0209082",0.267146576671447
"59","0210011",0.553667064238279
"60","0210021",0.603906131196384
"61","0210033",0.356771257862425
"62","0210053",0.322371621966939
"63","0210072",0.301217415880563
"64","0211011",0.562968462955197
"65","0211022",0.329705936039568
"66","0211032",0.503110299241623
"67","0211043",0.413623997121491
"68","0212013",0.444853828281922
"69","0212023",0.285981162804209
"70","0212033",0.423975460697692
"71","0212043",0.277535659856355
"72","0212053",0.378453073055463
"73","0213012",0.395488477510361
"74","0213022",0.371257195971672
"75","0213033",0.478012635969076
"76","0214011",0.587231332738048
"77","0214023",0.360824114651159
"78","0214032",0.487748487958689
"79","0214042",0.446714972965487
"80","0214053",0.420942503439486
"81","0214062",0.246751860279853
"82","0214073",0.487340133662867
"83","0214083",0.441661623156592
"84","0215011",0.547725345717264
"85","0215022",0.502950052565356
"86","0215033",0.484207121774157
"87","0215042",0.337918962863335
"88","0216013",0.392999855291926
"89","0216022",0.411195319672228
"90","0216043",0.523806807214132
"91","0216053",0.388851620448438
"92","0217012",0.394188499338176
"93","0217022",0.331706742331716
"94","0217032",0.30543933514363
"95","0217043",0.459105726131825
"96","0217053",0.388911008796778
"97","0218012",0.376508685605627
"98","0218022",0.400908284089419
"99","0218032",0.464263970907944
"100","0218043",0.516655368426811
"101","0218052",0.378794082892147
"102","0219011",0.538094214293985
"103","0219021",0.422398109719511
"104","0219032",0.368951452239722
"105","0219043",0.385088434170275
"106","0219052",0.403431545364651
"107","0219063",0.447196468613552
"108","0219072",0.407126044441689
"109","0219083",0.433705359866399
"110","0220013",0.48451447475863
"111","0220023",0.389707122226375
"112","0220033",0.494624349135161
"113","0220042",0.472734450636924
"114","0220052",0.376261300129559
"115","0220063",0.416191033217222
"116","0221011",0.358349552745513
"117","0221021",0.399667118004112
"118","0221031",0.553448815049118
"119","0221042",0.457554410812045
"120","0221053",0.398938455490268
"121","0221063",0.437081734599711
"122","0221072",0.316007620514826
"123","0221082",0.328482366015433
"124","0222013",0.489551347255849
"125","0222022",0.315759921176716
"126","0222033",0.432712435998601
"127","0223012",0.482598965465431
"128","0223022",0.468051829961692
"129","0223032",0.444888193394475
"130","0223043",0.530741454841367
"131","0223052",0.626779666687144
"132","0223062",0.437516813178072
"133","0223073",0.537778556744537
"134","0223083",0.543095942489111
"135","0223092",0.414272742460899
"136","0224013",0.405501046966644
"137","0224022",0.391599304018062
"138","0224032",0.327625136563275
"139","0224042",0.362848302820915
"140","0224053",0.521920203884407
"141","0224063",0.376998766107137
"142","0224073",0.385756326991033
"143","0225011",0.459475019392785
"144","0225021",0.621156176856606
"145","0225033",0.472125176294109
"146","0225043",0.336644223425307
"147","0225052",0.293049505392564
"148","0225063",0.408175790268519
"149","0225072",0.361184252422322
"150","0226011",0.392141335945131
"151","0226021",0.503668337407542
"152","0226032",0.288968392381885
"153","0226043",0.331702513725039
"154","0226052",0.292231293555192
"155","0226062",0.342143783871822
"156","0261011",0.54897608962969
"157","0262011",0.522728537028138
"158","0264011",0.559709753664964
"159","0265011",0.476783830900791
"160","0401011",0.520550292983288
"161","0401021",0.489831321715006
"162","0401031",0.317855685429156
"163","0401042",0.259522022181606
"164","0401052",0.392335403343761
"165","0401062",0.288783162050967
"166","0401072",0.388367996972448
"167","0401082",0.300968764767652
"168","0401092",0.404121701573779
"169","0402011",0.539936123353923
"170","0402022",0.35543095620189
"171","0402042",0.405384659171491
"172","0402053",0.508217536357827
"173","0402062",0.337057669591648
"174","0402073",0.324292398584676
"175","0402082",0.285038842361156
"176","0402092",0.292194195843166
"177","0402102",0.345806236087305
"178","0403012",0.464606567266787
"179","0403022",0.381771963799803
"180","0403032",0.409179561499403
"181","0403043",0.41025967459921
"182","0403052",0.513344418070948
"183","0403062",0.525294317799384
"184","0403072",0.36522075162193
"185","0403083",0.455309806102374
"186","0404011",0.462524995857091
"187","0404022",0.283559183479952
"188","0404032",0.424246887524484
"189","0404042",0.344615260576014
"190","0404052",0.221772506223895
"191","0404062",0.255566899867976
"192","0404072",0.482316405052412
"193","0405011",0.453767947646208
"194","0405022",0.32299909166689
"195","0405032",0.302209809317009
"196","0405043",0.37742572160447
"197","0405052",0.366922385646876
"198","0405062",0.279953829548122
"199","0406012",0.342486721717586
"200","0406022",0.341862819889643
"201","0406033",0.37547183438579
"202","0406043",0.385423820090685
"203","0406052",0.187709285380775
"204","0406062",0.286115519594944
"205","0407022",0.388202387211692
"206","0407033",0.359685649472793
"207","0407042",0.247637403350697
"208","0407053",0.424853535445691
"209","0407063",0.391340051251294
"210","0407073",0.360951238252487
"211","0407082",0.301984937688917
"212","0407092",0.380561421898929
"213","0408011",0.494045484921537
"214","0408022",0.306212340089022
"215","0408032",0.320112376326036
"216","0408043",0.38651149490394
"217","0408052",0.32509847515581
"218","0408062",0.215296071902991
"219","0408073",0.339425521267959
"220","0408082",0.306123324346364
"221","0408092",0.323709290552498
"222","0409012",0.461192243357786
"223","0409022",0.338581363388625
"224","0409033",0.419546541483392
"225","0409043",0.372269943909493
"226","0410013",0.35518666584718
"227","0410023",0.340398332444065
"228","0410033",0.430977069078664
"229","0410042",0.341990703832903
"230","0410053",0.410765102457545
"231","0411011",0.52466810402923
"232","0411022",0.264982307358887
"233","0411032",0.354682300543604
"234","0411042",0.375155105584701
"235","0411053",0.317549642256713
"236","0411072",0.314453669862568
"237","0412011",0.475953808281631
"238","0412022",0.322274593800779
"239","0412032",0.347150681905752
"240","0412042",0.298402189921385
"241","0412052",0.357163100133211
"242","0412062",0.319931142804254
"243","0413013",0.331005790314246
"244","0413023",0.386684671129211
"245","0413032",0.299946567195533
"246","0413043",0.381800239972448
"247","0414012",0.415532541585311
"248","0414022",0.38128860737571
"249","0414032",0.396806574767562
"250","0414042",0.352609481138844
"251","0414052",0.372388436065908
"252","0414063",0.369900083288115
"253","0414072",0.440107494273649
"254","0414082",0.429800641617483
"255","0414093",0.491590562036951
"256","0414102",0.396125173720678
"257","0414112",0.34517429193263
"258","0415022",0.294922715727655
"259","0415032",0.3698546875682
"260","0415042",0.430880056845621
"261","0415052",0.363697394553493
"262","0415062",0.404180977113612
"263","0415072",0.385833800164873
"264","0415092",0.361530846111692
"265","0416012",0.39688857410316
"266","0416022",0.398203342559347
"267","0416032",0.41050773723246
"268","0416042",0.400217949782188
"269","0416052",0.35126770234767
"270","0416063",0.416914188288952
"271","0417011",0.439263066649006
"272","0417022",0.331762708559539
"273","0417032",0.273101061308937
"274","0417052",0.282774001143431
"275","0418022",0.34665680798239
"276","0418032",0.234567861027078
"277","0418043",0.40361850332045
"278","0418052",0.293876857468724
"279","0418063",0.266932707758008
"280","0418072",0.322450556524432
"281","0418083",0.228764277198712
"282","0418102",0.349084614783978
"283","0418113",0.249605067623871
"284","0418123",0.364360372011903
"285","0418132",0.402850408981388
"286","0419013",0.427166230763842
"287","0419022",0.344591233647635
"288","0419033",0.395310887799129
"289","0419043",0.353560779008647
"290","0419052",0.384639534281568
"291","0419063",0.406718248088529
"292","0461011",0.508049630519757
"293","0462011",0.455877069032025
"294","0463011",0.535085634185062
"295","0464011",0.441108847401133
"296","0601011",0.455665680178017
"297","0601021",0.432264111514164
"298","0601032",0.248400178510949
"299","0601042",0.332398543293281
"300","0601052",0.337560026911629
"301","0601062",0.371896239986138
"302","0601072",0.37553118151681
"303","0601082",0.312970457844683
"304","0601092",0.391964260180522
"305","0601102",0.384922444243892
"306","0601112",0.318415836480967
"307","0601122",0.292014779199172
"308","0601132",0.32304477437032
"309","0601142",0.37956716849842
"310","0601152",0.325514297576208
"311","0601162",0.361059627615727
"312","0601172",0.366759805696469
"313","0601182",0.42356956508569
"314","0601192",0.357977865276485
"315","0602011",0.618887882548791
"316","0602022",0.408210783498916
"317","0602032",0.30999468278603
"318","0602042",0.363769474538224
"319","0602053",0.419978947192099
"320","0602062",0.304525953341958
"321","0602073",0.408561958756881
"322","0602082",0.424289244493294
"323","0602092",0.385016084627864
"324","0602102",0.408140234499381
"325","0602112",0.468292432063489
"326","0602123",0.486756626716371
"327","0602132",0.375991040094268
"328","0602142",0.366245228334139
"329","0603011",0.371552315591075
"330","0603042",0.175547393468389
"331","0603052",0.195409319352714
"332","0603062",0.258752145786269
"333","0603072",0.220553424740059
"334","0603082",0.268144495998774
"335","0603092",0.177156131868925
"336","0603102",0.243057841179925
"337","0603113",0.264011162980184
"338","0603122",0.273951201674113
"339","0603132",0.293068811564937
"340","0603142",0.253701172166284
"341","0603153",0.251002224782724
"342","0604011",0.49956524357411
"343","0604022",0.210166372912759
"344","0604032",0.257561853741689
"345","0604042",0.239868457193425
"346","0604052",0.284513141471387
"347","0604062",0.201646499028351
"348","0604072",0.210124914353055
"349","0604082",0.320991570188986
"350","0605012",0.341224700449647
"351","0605022",0.348266538015932
"352","0605032",0.301298691751297
"353","0605042",0.290573644066454
"354","0605053",0.428906857519628
"355","0605063",0.29625593339437
"356","0605072",0.347041913751785
"357","0606011",0.524633754679326
"358","0606022",0.430022213412484
"359","0606032",0.32242604523894
"360","0606042",0.224527129044031
"361","0606052",0.261164675523693
"362","0606072",0.301425811688487
"363","0606092",0.27043794925569
"364","0606102",0.283364114609343
"365","0606112",0.297568395487424
"366","0607011",0.464119875643878
"367","0607023",0.279470983395808
"368","0607032",0.320445555886414
"369","0607042",0.278196761498473
"370","0607052",0.227541212531178
"371","0607062",0.347564719339618
"372","0607072",0.334351081899044
"373","0607083",0.320474480384947
"374","0607092",0.482886924657596
"375","0607102",0.332402447739267
"376","0608011",0.572691556241517
"377","0608022",0.391498081361698
"378","0608032",0.31881014475925
"379","0608042",0.282383885289042
"380","0608052",0.342328642882429
"381","0608063",0.370774495066552
"382","0608072",0.321543178307369
"383","0608082",0.333875894705968
"384","0608092",0.358752760097373
"385","0608103",0.431940418695135
"386","0608112",0.312413579074103
"387","0608122",0.26955229921835
"388","0608132",0.262922761074226
"389","0609013",0.396944783566758
"390","0609022",0.293081416992461
"391","0609033",0.414884680034891
"392","0609042",0.454598892057502
"393","0609052",0.479777435888679
"394","0609062",0.408262586799858
"395","0609072",0.354928845518292
"396","0609082",0.355517079659746
"397","0609092",0.404138635799676
"398","0609102",0.460669685161455
"399","0609112",0.358917353308593
"400","0609122",0.332851413835915
"401","0609132",0.311149789827102
"402","0609142",0.342064442816023
"403","0609152",0.315180736415794
"404","0609162",0.363249387625784
"405","0610012",0.412152426549403
"406","0610022",0.366480923625893
"407","0610033",0.492266112477249
"408","0610042",0.390018475055093
"409","0610052",0.604436746420861
"410","0610062",0.388299394240311
"411","0611011",0.565347844251654
"412","0611021",0.598948402367622
"413","0611032",0.417910161309857
"414","0611042",0.445623280949888
"415","0611052",0.39279326658404
"416","0611062",0.410439431056147
"417","0611072",0.436766290496473
"418","0611082",0.442304518226366
"419","0611092",0.441850380250246
"420","0611102",0.373582133941685
"421","0611112",0.347969809284728
"422","0612012",0.35827236013445
"423","0612023",0.339169238687559
"424","0612032",0.375326309248871
"425","0612042",0.29958337479148
"426","0612053",0.423500103027104
"427","0612063",0.392903217112762
"428","0612072",0.397928220493993
"429","0613012",0.314484743517924
"430","0613022",0.410433241327002
"431","0613032",0.369413988180107
"432","0613043",0.475726004038806
"433","0613052",0.348729708609423
"434","0613062",0.323067526217519
"435","0613072",0.327378145390363
"436","0614011",0.578152941749474
"437","0614022",0.419396016433903
"438","0614032",0.281407311598891
"439","0614043",0.342251966777896
"440","0614052",0.417768156804569
"441","0614062",0.410277880659673
"442","0614072",0.336791047125398
"443","0614083",0.476057026584506
"444","0614092",0.355983042017617
"445","0614102",0.323040972807688
"446","0614112",0.436989460562149
"447","0615011",0.537855886197374
"448","0615022",0.396414400486165
"449","0615032",0.370165058370505
"450","0615042",0.381745010119013
"451","0615052",0.385557310112564
"452","0615062",0.358308834076203
"453","0615072",0.390717770552561
"454","0615082",0.375921786866422
"455","0616011",0.473754137641253
"456","0616022",0.366291503418804
"457","0616032",0.390645261200407
"458","0616043",0.449545843494913
"459","0616052",0.39003606966368
"460","0616062",0.320579721905474
"461","0617011",0.51296885490109
"462","0617022",0.282680063314996
"463","0617033",0.337261483725404
"464","0617042",0.345466714041954
"465","0617052",0.33165246913368
"466","0618011",0.651167384964962
"467","0618022",0.294671123867131
"468","0618032",0.241869635601438
"469","0618042",0.372450025395087
"470","0618053",0.312533901638682
"471","0618063",0.443773368088782
"472","0618072",0.296358015661638
"473","0618082",0.35084893023142
"474","0618092",0.314100132033667
"475","0618102",0.32989222450697
"476","0618112",0.282369790973683
"477","0618123",0.357674789717809
"478","0618132",0.337980402955563
"479","0619011",0.507853364082751
"480","0619022",0.290625284311392
"481","0619032",0.283790013607904
"482","0619042",0.236224496296781
"483","0619052",0.425247328071526
"484","0619072",0.296362825530165
"485","0619082",0.238068303610577
"486","0620012",0.187915389266037
"487","0620022",0.21138922655735
"488","0620032",0.186005953845777
"489","0620043",0.412437820989109
"490","0620052",0.321570351104421
"491","0620062",0.182870481218031
"492","0620072",0.224825518569114
"493","0620082",0.368954502531982
"494","0620092",0.367388622084655
"495","0620102",0.240582049374245
"496","0620112",0.331325532663034
"497","0620122",0.295525553558977
"498","0620133",0.387997400334804
"499","0620142",0.317801693682737
"500","0620153",0.392888569478342
"501","0661011",0.53382304519641
"502","0662011",0.552643902604008
"503","0663011",0.536200739959257
"504","0664011",0.557471430332242
"505","0801011",0.534307761276964
"506","0801022",0.420164676135885
"507","0801032",0.354296623818246
"508","0801042",0.418537588426119
"509","0801052",0.421261789438674
"510","0801062",0.367921293353572
"511","0801073",0.371905497170435
"512","0802011",0.463455363037263
"513","0802022",0.389151980863777
"514","0802032",0.347197191125694
"515","0802042",0.330252345730396
"516","0802052",0.279116000541247
"517","0802063",0.48345164294342
"518","0802072",0.374705972926626
"519","0803012",0.302012393805881
"520","0803023",0.469960340903866
"521","0803032",0.416472604577534
"522","0803042",0.423933582834535
"523","0803053",0.425218071306762
"524","0803063",0.421063956025918
"525","0804011",0.48845423201683
"526","0804023",0.418067687375243
"527","0804032",0.390103867457334
"528","0804043",0.404897421204059
"529","0804052",0.312916153205477
"530","0804063",0.410427541260754
"531","0804073",0.3961294432127
"532","0804082",0.379505447985175
"533","0805013",0.387468283373375
"534","0805022",0.388227821629859
"535","0805033",0.461032394669864
"536","0805043",0.50110959468641
"537","0805053",0.532196595424058
"538","0806013",0.349731115595189
"539","0806023",0.420174467708178
"540","0806032",0.406543247370855
"541","0806043",0.416775599135755
"542","0806052",0.352787427551186
"543","0807012",0.436000687205256
"544","0807023",0.498497444149198
"545","0807032",0.467936659995623
"546","0807043",0.461094030998741
"547","0807053",0.390622623448505
"548","0808012",0.373317014438822
"549","0808022",0.413087083343302
"550","0808032",0.311582963576986
"551","0808042",0.394536963369009
"552","0808053",0.482622074173437
"553","0808063",0.499917881420955
"554","0809013",0.478802829717629
"555","0809022",0.374453877359011
"556","0809033",0.400941986741768
"557","0809043",0.442551620566553
"558","0809053",0.408614552631416
"559","0809063",0.48117030013853
"560","0809072",0.411819589697502
"561","0809082",0.379083213604561
"562","0809092",0.340625737615146
"563","0810011",0.447563140079011
"564","0810021",0.529117314725168
"565","0810032",0.332815375789646
"566","0810043",0.418593247128743
"567","0810053",0.358516744199467
"568","0810062",0.287420808053866
"569","0810073",0.426830800384555
"570","0810082",0.38933836308555
"571","0811011",0.531081446613418
"572","0811021",0.547700189088055
"573","0811032",0.380780451727069
"574","0811043",0.338284610853113
"575","0811052",0.381899803166
"576","0811063",0.444721213976721
"577","0811072",0.369956827824168
"578","0811082",0.374422938097977
"579","0811092",0.398476772215611
"580","0811102",0.336028753997258
"581","0812013",0.443189130098933
"582","0812023",0.397527258896532
"583","0812033",0.476320061498793
"584","0861011",0.538766652583175
"585","0862011",0.550456458018166
"586","1001011",0.535270681765899
"587","1001032",0.347575888178924
"588","1001042",0.852737638120147
"589","1001052",0.334388546667442
"590","1001062",0.459606556422376
"591","1001072",0.513234619782409
"592","1001083",0.341359359397111
"593","1002011",0.488898989399278
"594","1002022",0.351940260750388
"595","1002032",0.399000025257661
"596","1002043",0.39024606174763
"597","1002052",0.195026426104198
"598","1002072",0.211934534272967
"599","1002082",0.360373307466451
"600","1002092",0.287099358563125
"601","1002102",0.381536280162138
"602","1002113",0.362071554655929
"603","1003012",0.38864275833193
"604","1003023",0.46309891339642
"605","1003032",0.379062140907113
"606","1003042",0.364926599135251
"607","1003052",0.357079602660575
"608","1004022",0.223996909190824
"609","1004032",0.344912442486283
"610","1004042",0.401564112950933
"611","1004052",0.373594886356375
"612","1004063",0.421341622263761
"613","1004072",0.405824698235715
"614","1004082",0.405200859328035
"615","1005011",0.572532862766757
"616","1005022",0.47043917261868
"617","1005032",0.336540309290416
"618","1005042",0.451171209799833
"619","1005052",0.510010568033819
"620","1005062",0.466584911042449
"621","1005072",0.326775137104168
"622","1005082",0.379320377726298
"623","1005092",0.466041180529004
"624","1005102",0.483602364458568
"625","1006022",0.452099176276958
"626","1006032",0.487783184407547
"627","1006073",0.445636481330452
"628","1006103",0.465992131378751
"629","1006113",0.430198298915052
"630","1007012",0.296027401267478
"631","1007023",0.371406531379289
"632","1007032",0.358761525651607
"633","1007043",0.473664301802815
"634","1007052",0.415367333924247
"635","1007062",0.43685591691311
"636","1007072",0.328234781390701
"637","1007082",0.345520987301367
"638","1008011",0.453948332584259
"639","1008021",0.475769640987158
"640","1008032",0.408977466636693
"641","1008042",0.3791876835342
"642","1008052",0.488498408405608
"643","1008062",0.388911792871801
"644","1008072",0.403110270152984
"645","1009013",0.467496747904934
"646","1009022",0.447651742008159
"647","1009032",0.378771975202469
"648","1009043",0.424674060393836
"649","1009052",0.457044334878151
"650","1009062",0.405384529851152
"651","1009072",0.422036628606161
"652","1009082",0.500121951840712
"653","1010012",0.424506525374614
"654","1010022",0.490555376697782
"655","1010032",0.421002071635488
"656","1010042",0.384397785060299
"657","1010052",0.278348208511932
"658","1010062",0.432547278687836
"659","1010072",0.366932866071877
"660","1010082",0.440467391126998
"661","1010093",0.393053699266373
"662","1010102",0.4025606345696
"663","1010113",0.486004641143649
"664","1011012",0.432480811106871
"665","1011022",0.370505147129933
"666","1011033",0.458665657450835
"667","1011043",0.532409022794103
"668","1011052",0.296003788098762
"669","1011062",0.379665720653047
"670","1012011",0.513473113539673
"671","1012022",0.371137692959133
"672","1012032",0.347138388146044
"673","1012042",0.386313595219034
"674","1012053",0.474760388679894
"675","1012062",0.410373707403018
"676","1012072",0.393852453544587
"677","1012082",0.390320693931816
"678","1012092",0.414964093064558
"679","1012102",0.345526152999134
"680","1012113",0.373846168288625
"681","1012132",0.428107802335103
"682","1012142",0.33966746360818
"683","1013011",0.625780969760896
"684","1013023",0.388522892585407
"685","1013032",0.371987899850705
"686","1013052",0.406109023887585
"687","1013062",0.376028673317108
"688","1014011",0.524294513189517
"689","1014023",0.360997624624101
"690","1014032",0.47949070652799
"691","1014042",0.394543492788333
"692","1014052",0.389288452160701
"693","1014062",0.364629163605916
"694","1014072",0.435951637366772
"695","1014093",0.420166541154913
"696","1014102",0.39792027409807
"697","1014113",0.438415922851329
"698","1015012",0.430820519242079
"699","1015022",0.473829455615665
"700","1015032",0.499474908857521
"701","1015042",0.362391187000156
"702","1015052",0.526430061994783
"703","1015062",0.48649901916203
"704","1015072",0.459860914164743
"705","1015082",0.284113894256531
"706","1015092",0.338867888996956
"707","1016011",0.489400693650532
"708","1016022",0.437038158131664
"709","1016032",0.438194899212836
"710","1016042",0.371885548638723
"711","1016052",0.355022735573857
"712","1016062",0.380732987391606
"713","1016072",0.419173013228385
"714","1016082",0.379394170570794
"715","1016092",0.378637726338011
"716","1016102",0.477190407624121
"717","1016112",0.355570774607532
"718","1017012",0.417616497676387
"719","1017022",0.452133091309538
"720","1017032",0.403439112387401
"721","1017042",0.433689183862129
"722","1017052",0.412586331770016
"723","1017062",0.399297301450347
"724","1017072",0.422891545936254
"725","1017082",0.40674154427641
"726","1017093",0.492213163450218
"727","1017102",0.517489524192934
"728","1018012",0.426773895077577
"729","1018022",0.418611245713871
"730","1018032",0.444699791752876
"731","1018043",0.450163712597433
"732","1018052",0.440142724138366
"733","1018062",0.436307195349187
"734","1018073",0.518452596235084
"735","1019011",0.488885038664321
"736","1019023",0.440789977188173
"737","1019032",0.324100831183228
"738","1019042",0.430136541457685
"739","1020011",0.48468535094599
"740","1020021",0.489995280693107
"741","1020031",0.481264836644419
"742","1020043",0.439653338433413
"743","1020052",0.31509299592267
"744","1020062",0.339725760862003
"745","1020072",0.454467036877726
"746","1020083",0.46882136388092
"747","1020092",0.393887451565231
"748","1021011",0.481039839197481
"749","1021032",0.37474463281181
"750","1021042",0.461010598662069
"751","1021052",0.46165879643337
"752","1061011",0.500439347203036
"753","1062011",0.508757455653054
"754","1063011",0.559531626016933
"755","1201011",0.548965950505413
"756","1201022",0.454818089765674
"757","1201032",0.447953183549082
"758","1201042",0.449302725112351
"759","1201052",0.501553721260988
"760","1201063",0.445943858676208
"761","1201072",0.437958863420087
"762","1201082",0.483281015697202
"763","1201092",0.471192434708947
"764","1202012",0.387743251946359
"765","1202023",0.467785968410596
"766","1202033",0.463072571685286
"767","1202042",0.447845660836896
"768","1202052",0.417334935229073
"769","1202062",0.441345548672468
"770","1202072",0.434911442975907
"771","1203013",0.462173062166463
"772","1203022",0.453183703360996
"773","1203033",0.477527631922163
"774","1203043",0.462111400792257
"775","1203053",0.471740135891977
"776","1204012",0.311754516080206
"777","1204023",0.415986043784209
"778","1204032",0.282079680480311
"779","1204042",0.372658952090395
"780","1204052",0.352246099541537
"781","1204062",0.35187573217174
"782","1204073",0.40184945072446
"783","1205011",0.464040862103874
"784","1205023",0.394842947062017
"785","1205033",0.401863897732161
"786","1205042",0.446870172748783
"787","1205052",0.330131226617195
"788","1205062",0.410094012074193
"789","1205072",0.409893287842132
"790","1205082",0.435299219411398
"791","1205092",0.386547486964561
"792","1205102",0.458889956795664
"793","1206012",0.454613892175221
"794","1206022",0.455818894342746
"795","1206032",0.485520730808701
"796","1206042",0.466687920802248
"797","1206052",0.426050026538816
"798","1206063",0.449665508474135
"799","1206072",0.458143242179862
"800","1206082",0.46902383411132
"801","1206092",0.410699283868208
"802","1206103",0.439942338465953
"803","1206113",0.468311660710456
"804","1206123",0.461104405875369
"805","1206132",0.452738727504724
"806","1206143",0.504654747213174
"807","1206152",0.4507947483042
"808","1206162",0.522013711174193
"809","1206172",0.440552465954837
"810","1207011",0.662034756203495
"811","1207021",0.569921273547018
"812","1207032",0.434600382075273
"813","1207042",0.391139986893552
"814","1207052",0.363989005135721
"815","1207062",0.458459790591407
"816","1207072",0.342059211982989
"817","1207082",0.370705929957311
"818","1207092",0.378409408415377
"819","1207102",0.397229701941097
"820","1207112",0.394831196071436
"821","1207122",0.43494463083564
"822","1208012",0.432848092047319
"823","1208022",0.395234104803884
"824","1208032",0.400978610285826
"825","1208042",0.456492910484237
"826","1208053",0.497072806851447
"827","1208072",0.369198206649347
"828","1209013",0.494748701187982
"829","1209022",0.47535491938418
"830","1209033",0.520539914190693
"831","1209042",0.440958323401783
"832","1209052",0.47740627407538
"833","1209062",0.46045603483206
"834","1209073",0.450566780859747
"835","1209082",0.446074128101728
"836","1209092",0.47680501030825
"837","1210011",0.644639684808391
"838","1210022",0.413731580027487
"839","1210032",0.351278275598158
"840","1210042",0.392540188715673
"841","1210052",0.39699092207811
"842","1210062",0.363118595990157
"843","1210073",0.486442978921332
"844","1210082",0.351170972769623
"845","1210092",0.39155422224854
"846","1210102",0.374170447464729
"847","1210113",0.453383308432855
"848","1210122",0.294353906980635
"849","1210133",0.375393018031681
"850","1210142",0.334652176761028
"851","1210152",0.392556455768606
"852","1210163",0.405927531779134
"853","1211011",0.476076699762071
"854","1211023",0.430767362717885
"855","1211032",0.462515796773736
"856","1211042",0.431804850327261
"857","1211052",0.437328431669619
"858","1211062",0.475858542071533
"859","1211072",0.410052840375783
"860","1211082",0.474355684490258
"861","1211092",0.430877606449315
"862","1211102",0.457551777293555
"863","1211112",0.398679060467618
"864","1211123",0.483268060872168
"865","1211132",0.401764969171344
"866","1211142",0.399779153067906
"867","1212011",0.474459254837053
"868","1212032",0.47819705245848
"869","1212042",0.457737715978418
"870","1212053",0.464629595022658
"871","1212062",0.374786435113021
"872","1212073",0.464855855446699
"873","1213023",0.491306580975189
"874","1213033",0.455124251129233
"875","1213043",0.499548810319027
"876","1213052",0.467728283798877
"877","1213062",0.507104200519901
"878","1213072",0.484421316592362
"879","1213082",0.435146353340865
"880","1213093",0.494063426562586
"881","1214012",0.441074841660707
"882","1214023",0.303822661400438
"883","1214033",0.463912508617579
"884","1214042",0.513261541355228
"885","1214053",0.494035960311801
"886","1214062",0.439904147505157
"887","1215011",0.558014177355798
"888","1215021",0.525293191746753
"889","1215032",0.431918607880132
"890","1215042",0.48078980424377
"891","1215052",0.442863860865889
"892","1215063",0.421936173541489
"893","1215072",0.438841994350649
"894","1215082",0.391449123915709
"895","1215092",0.410444461479949
"896","1216013",0.424511187875121
"897","1216022",0.385836419569659
"898","1216032",0.433481280871875
"899","1216042",0.362337968332909
"900","1216053",0.417461517739745
"901","1216063",0.416135626484218
"902","1216072",0.367427930708732
"903","1216082",0.396050183779775
"904","1216092",0.430891123744208
"905","1216103",0.401574306208444
"906","1216112",0.384253836174666
"907","1216122",0.375335537066673
"908","1216133",0.447436193121502
"909","1216143",0.397331566944767
"910","1216153",0.412006902017011
"911","1216162",0.426187443750426
"912","1217011",0.557003236555365
"913","1217022",0.272692386021369
"914","1217032",0.442284425233841
"915","1217042",0.368315482355584
"916","1217052",0.376347541005891
"917","1218013",0.474134418918477
"918","1218022",0.490026368539459
"919","1218033",0.485990785491454
"920","1218042",0.412833538522916
"921","1218052",0.517724182559978
"922","1218062",0.460235993090571
"923","1218072",0.444783721431883
"924","1218093",0.495761761164421
"925","1218102",0.43218463966291
"926","1219012",0.455240953753853
"927","1219022",0.434079154050827
"928","1219032",0.503063015801618
"929","1219043",0.499054569907963
"930","1219053",0.47176288587944
"931","1261011",0.553689576585984
"932","1262011",0.573883028565783
"933","1263011",0.564790779646947
"934","1401013",0.463858323982591
"935","1401022",0.266286052701564
"936","1401032",0.283154246200384
"937","1401042",0.431423961065503
"938","1401052",0.368495078037369
"939","1401063",0.272326594777666
"940","1402011",0.534375918030093
"941","1402033",0.375320635822714
"942","1402042",0.332994448233807
"943","1402052",0.395559372381182
"944","1402062",0.385324670737695
"945","1402072",0.302744466338793
"946","1402082",0.302602746078322
"947","1402092",0.388693584309582
"948","1403011",0.622330614418634
"949","1403021",0.443377680962629
"950","1403032",0.462291441945967
"951","1403042",0.325320414406246
"952","1403052",0.455984804620767
"953","1403072",0.373896502387853
"954","1403082",0.425653581492177
"955","1403092",0.355408733558323
"956","1403103",0.458074739124551
"957","1403112",0.462314853130172
"958","1403122",0.404902937460417
"959","1403132",0.465387254958385
"960","1403143",0.358633984853976
"961","1404011",0.463725649399221
"962","1404022",0.216965496617481
"963","1404032",0.235118343415909
"964","1404043",0.323414655334781
"965","1404052",0.286636651197344
"966","1405011",0.597670676869747
"967","1405021",1
"968","1405032",0.387204702390279
"969","1405043",0.546560415654554
"970","1405052",0.562228794355435
"971","1405062",0.461165687200812
"972","1406012",0.590396388017388
"973","1406022",0.362496750845785
"974","1406032",0.444720330306796
"975","1406042",0.489225759461882
"976","1406053",0.51749688710113
"977","1406062",0.478461335648747
"978","1406073",0.417571352010403
"979","1406083",0.441891943604687
"980","1406092",0.396356641837981
"981","1406113",0.499323373152217
"982","1407012",0.34754890477612
"983","1407022",0.308529084421986
"984","1407032",0.355418346909163
"985","1407042",0.372012596994066
"986","1407053",0.482981906698013
"987","1407062",0.384778406772011
"988","1407072",0.328278589142479
"989","1408011",0.532654191316953
"990","1408022",0.495653446211271
"991","1408032",0.560765012542024
"992","1408043",0.452037495445876
"993","1408052",0.476094040242066
"994","1409012",0.247576054683093
"995","1409022",0.285277771933146
"996","1409033",0.345024075027592
"997","1409042",0.292564695333915
"998","1409052",0.313030922126246
"999","1409062",0.307450560729701
"1000","1410012",0.365924468464204
"1001","1410023",0.494944069890482
"1002","1410032",0.498443938101989
"1003","1410042",0.362311471071908
"1004","1410052",0.427129871586077
"1005","1410062",0.351180678619739
"1006","1411011",0.593244635650591
"1007","1411022",0.116293804312624
"1008","1411032",0.297544688091547
"1009","1411042",0.351665610966494
"1010","1411052",0.36533542496819
"1011","1411062",0.301136982605472
"1012","1411073",0.378909665386125
"1013","1411082",0.300426178257557
"1014","1411092",0.384614855696584
"1015","1411102",0.176210893026641
"1016","1412011",0.534969539367399
"1017","1412042",0.422301532355888
"1018","1412052",0.404808940402643
"1019","1412062",0.440525768998345
"1020","1412073",0.459584093773564
"1021","1412082",0.39433141380812
"1022","1412093",0.42253386556391
"1023","1412102",0.383673534960785
"1024","1412123",0.446886698028316
"1025","1412132",0.546086158579249
"1026","1412142",0.521102290409111
"1027","1412151",0.667571062290423
"1028","1413011",0.517395382578575
"1029","1413022",0.367959334656574
"1030","1413032",0.31377867924402
"1031","1413042",0.402485330372062
"1032","1413052",0.377094049805474
"1033","1413062",0.350800410248321
"1034","1413072",0.323165191088988
"1035","1413082",0.321693806479603
"1036","1413092",0.396945631278129
"1037","1413102",0.353912250269894
"1038","1414011",0.503967500314767
"1039","1414022",0.531538188347141
"1040","1414032",0.386513124434514
"1041","1414043",0.467843705700179
"1042","1414052",0.497978360674789
"1043","1414063",0.346378137395929
"1044","1415012",0.407558259047122
"1045","1415022",0.29258067025449
"1046","1415032",0.417742378357421
"1047","1415042",0.281208151416631
"1048","1415052",0.414424767667246
"1049","1415062",0.274366809732938
"1050","1415072",0.347601536591528
"1051","1415083",0.414125288923207
"1052","1415092",0.380755144023362
"1053","1415102",0.340156153615566
"1054","1415112",0.376675945514811
"1055","1416011",0.480659344601128
"1056","1416022",0.481229052823112
"1057","1416032",0.403145145659466
"1058","1416043",0.339660255517388
"1059","1416052",0.405346654648932
"1060","1416062",0.402051188943205
"1061","1416072",0.315939486633352
"1062","1416082",0.323929316972565
"1063","1416092",0.281376305858713
"1064","1416102",0.335672194785815
"1065","1416112",0.322539008189423
"1066","1417011",0.63997067607801
"1067","1417021",0.494571741870677
"1068","1417032",0.459122447233184
"1069","1417043",0.472788597362565
"1070","1417052",0.471690859339433
"1071","1417062",0.414907915015561
"1072","1417072",0.496401414707742
"1073","1417082",0.535580870235227
"1074","1418013",0.477784679546205
"1075","1418023",0.568104549347852
"1076","1418032",0.646077093833352
"1077","1418043",0.566342983272137
"1078","1418052",0.461116511895358
"1079","1418063",0.456528159106519
"1080","1419012",0.347251822961461
"1081","1419022",0.369472568459537
"1082","1419032",0.320739316264505
"1083","1419042",0.369313735082628
"1084","1419053",0.36215290681181
"1085","1419063",0.4543085884448
"1086","1419072",0.347502144581044
"1087","1419082",0.378420835335285
"1088","1419092",0.163410143660975
"1089","1419102",0.301983467119844
"1090","1419112",0.355580609050301
"1091","1419122",0.38049866279631
"1092","1419132",0.385716898834151
"1093","1419142",0.312191578282571
"1094","1419153",0.406689667225799
"1095","1420011",0.598033625111519
"1096","1420032",0.351707347019303
"1097","1420043",0.360092684361091
"1098","1420052",0.339706752424661
"1099","1420062",0.336472996285217
"1100","1420072",0.311785976563267
"1101","1420082",0.306629665488475
"1102","1420102",0.263495266785321
"1103","1420112",0.360518415338836
"1104","1420122",0.452660197552655
"1105","1421021",0.489141794797004
"1106","1421033",0.369054089101663
"1107","1421042",0.662022320619719
"1108","1421052",0.597588631567582
"1109","1421062",0.55831093965709
"1110","1422023",0.301923570314152
"1111","1422032",0.302024744656077
"1112","1422042",0.383663139441644
"1113","1422052",0.332584469968804
"1114","1422062",0.36445999761839
"1115","1423012",0.235892595374427
"1116","1423022",0.211147301991209
"1117","1423032",0.272513824341547
"1118","1423042",0.29937099401178
"1119","1423052",0.401061162677251
"1120","1423063",0.386191581268585
"1121","1423072",0.264834150939041
"1122","1423082",0.232458465805205
"1123","1424012",0.341683678852606
"1124","1424022",0.387470348515713
"1125","1424032",0.388075632317397
"1126","1424043",0.449172416695467
"1127","1424052",0.259765846690889
"1128","1424062",0.421927028272636
"1129","1424072",0.372021964324365
"1130","1425011",0.449335819461902
"1131","1425022",0.300097695524817
"1132","1425033",0.339294593047293
"1133","1425042",0.335946213064411
"1134","1425052",0.325130450377605
"1135","1425062",0.358157082887521
"1136","1425072",0.308861019451662
"1137","1425082",0.214331623007363
"1138","1425092",0.328281505461078
"1139","1425103",0.281181478076883
"1140","1425112",0.325523544613587
"1141","1425122",0.366141771627603
"1142","1425132",0.36442313818163
"1143","1426012",0.46491874114988
"1144","1426022",0.379359739494219
"1145","1426032",0.37323328134731
"1146","1426042",0.422939994560162
"1147","1426053",0.294009500429117
"1148","1426062",0.462771986377692
"1149","1426072",0.34485990695886
"1150","1426082",0.432756717299892
"1151","1426092",0.425755703271877
"1152","1426102",0.447959450118689
"1153","1426112",0.323126946060415
"1154","1426122",0.359546885574599
"1155","1426132",0.506157767090021
"1156","1427011",0.458050496152755
"1157","1427022",0.324857537718198
"1158","1427032",0.2642948360211
"1159","1427042",0.271504979285343
"1160","1427052",0.213085090025629
"1161","1427062",0.302484098298559
"1162","1427072",0.351379432654988
"1163","1428011",0.556642005758582
"1164","1428022",0.340102762326483
"1165","1428032",0.418856737135361
"1166","1428042",0.326323560339534
"1167","1428052",0.444219283669683
"1168","1428062",0.454052715258007
"1169","1428072",0.341408742952953
"1170","1428082",0.499534299253657
"1171","1429011",0.597639527195525
"1172","1429022",0.479993163402373
"1173","1429032",0.212048361457308
"1174","1429042",0.395213349664656
"1175","1429053",0.293283179439288
"1176","1429062",0.388273706692506
"1177","1429072",0.316993749091443
"1178","1429082",0.24846819009545
"1179","1429092",0.423917152354499
"1180","1430012",0.187127773796522
"1181","1430022",0.305973272511349
"1182","1430032",0.238191371814013
"1183","1430042",0.182456103671746
"1184","1430053",0.37584445491421
"1185","1432013",0.520899060457286
"1186","1432022",0.568623100784967
"1187","1432032",0.46904225532282
"1188","1432042",0.486892514250097
"1189","1432053",0.564559753583204
"1190","1432063",0.563088435785937
"1191","1432072",0.585600276595579
"1192","1433011",0.603204602837824
"1193","1433022",0.394000767793759
"1194","1433032",0.350084359724735
"1195","1433042",0.30234655030517
"1196","1433053",0.468490425266471
"1197","1433062",0.353890991623411
"1198","1433072",0.389698042489712
"1199","1433082",0.387598230472513
"1200","1433092",0.371444291445836
"1201","1434011",0.478920698812864
"1202","1434021",0.490024993725176
"1203","1434031",0.53903230158105
"1204","1434041",0.53630580154448
"1205","1434052",0.470251100905153
"1206","1434062",0.287286183567816
"1207","1434072",0.389629439508328
"1208","1434082",0.330366978829063
"1209","1434093",0.484238821784863
"1210","1434102",0.197962158814539
"1211","1434113",0.42968785668042
"1212","1434123",0.492979949890916
"1213","1435012",0.414037443142024
"1214","1435022",0.340619079251274
"1215","1435032",0.408087388421927
"1216","1435042",0.48854985140549
"1217","1435053",0.482975081017066
"1218","1435062",0.422760720931036
"1219","1436012",0.326518916204743
"1220","1436022",0.256766212228988
"1221","1436032",0.27610669963382
"1222","1436042",0.342559319109197
"1223","1436053",0.378471703240062
"1224","1437013",0.307621213913636
"1225","1437022",0.282547097346137
"1226","1437033",0.319116452634628
"1227","1437042",0.271447888886976
"1228","1437052",0.258905590195433
"1229","1437063",0.407511661480895
"1230","1438011",0.443287224535001
"1231","1438023",0.522752399446254
"1232","1438032",0.330371784232116
"1233","1438042",0.520383282049586
"1234","1438052",0.338905660338999
"1235","1461011",0.57235853679555
"1236","1462011",0.558372282142683
"1237","1463011",0.463408858119795
"1238","1464011",0.567523662944538
"1239","1465011",0.584710303664077
"1240","1601011",0.500630352156165
"1241","1601022",0.397707357027264
"1242","1601033",0.434493971648213
"1243","1601043",0.402761543707168
"1244","1601052",0.366810689727642
"1245","1601062",0.399642283738889
"1246","1602013",0.341095201179904
"1247","1602022",0.462590249909584
"1248","1602033",0.44331928455596
"1249","1602043",0.438313610506087
"1250","1603011",0.471158893589875
"1251","1603022",0.450921685930215
"1252","1603032",0.457410784605691
"1253","1603042",0.456699827629372
"1254","1603052",0.455918875518268
"1255","1603062",0.445057761047617
"1256","1604013",0.410297868214389
"1257","1604023",0.475416967457868
"1258","1604032",0.425665707395472
"1259","1604043",0.395482457290899
"1260","1605013",0.481616415677228
"1261","1605023",0.508573698767361
"1262","1605032",0.48820894254443
"1263","1605042",0.521069417869943
"1264","1605053",0.466586007155018
"1265","1606012",0.337221901382776
"1266","1606023",0.484334032140374
"1267","1606032",0.410756450802773
"1268","1606042",0.352910738090458
"1269","1606052",0.446777722032216
"1270","1607013",0.406840880578086
"1271","1607022",0.396584587740928
"1272","1607033",0.435422287719074
"1273","1607042",0.408713681863026
"1274","1607053",0.493368814534826
"1275","1607063",0.396278873418365
"1276","1607073",0.447459164693295
"1277","1607082",0.4799634955523
"1278","1607092",0.404994646561187
"1279","1608013",0.519925396668403
"1280","1608023",0.431692417498715
"1281","1608033",0.487164614221335
"1282","1608043",0.520071189453515
"1283","1608052",0.441466591832428
"1284","1608062",0.449302384418231
"1285","1608072",0.470211668933989
"1286","1609012",0.458304061181748
"1287","1609022",0.440120197088754
"1288","1609032",0.593736862971911
"1289","1609042",0.423138951998323
"1290","1609052",0.447567929302128
"1291","1609062",0.472103036923682
"1292","1609073",0.456785587300289
"1293","1609083",0.473562023166935
"1294","1609092",0.463486320468439
"1295","1609103",0.474253643483293
"1296","1609112",0.495740607124171
"1297","1609123",0.440514462339342
"1298","1609132",0.431413063127045
"1299","1610013",0.477422469713187
"1300","1610023",0.479978303890127
"1301","1610032",0.467137057267872
"1302","1610043",0.434122943422736
"1303","1611012",0.447380494034245
"1304","1611022",0.480662364708782
"1305","1611033",0.471252180909441
"1306","1611043",0.498270035824695
"1307","1611053",0.497305487102187
"1308","1611063",0.450940034140282
"1309","1611073",0.496741774393731
"1310","1661011",0.591045539709439
"1311","1801032",0.244872438519144
"1312","1801052",0.362081028416397
"1313","1801083",0.375956872896679
"1314","1802013",0.359018527896586
"1315","1802022",0.347241127285325
"1316","1802032",0.286811331024925
"1317","1802042",0.333681978719187
"1318","1802052",0.364582808940766
"1319","1802062",0.302358493163343
"1320","1803011",0.565579701873552
"1321","1803023",0.360977725716019
"1322","1803032",0.328414741867694
"1323","1803042",0.396905166773063
"1324","1803052",0.421447094224359
"1325","1803063",0.385031396916258
"1326","1803072",0.408986020096232
"1327","1804011",0.554957739722056
"1328","1804032",0.321671710423592
"1329","1804042",0.234615904300586
"1330","1804052",0.296089896361078
"1331","1804062",0.230736989064656
"1332","1804073",0.353357979648053
"1333","1804082",0.32976077114612
"1334","1804092",0.32467724918551
"1335","1804102",0.305668774326924
"1336","1804112",0.39325235828333
"1337","1805011",0.601312086685372
"1338","1805022",0.333052546480084
"1339","1805032",0.304512824256338
"1340","1805042",0.184125971562618
"1341","1805053",0.329113206819485
"1342","1805062",0.228503630001515
"1343","1805072",0.290888484174099
"1344","1805082",0.308914891009563
"1345","1805092",0.305744497232144
"1346","1805112",0.350429686220767
"1347","1806012",0.326446985212217
"1348","1806023",0.463060985598237
"1349","1806032",0.329054696539424
"1350","1806042",0.379476928528691
"1351","1806052",0.383431865472754
"1352","1806062",0.412703885493954
"1353","1807012",0.398230791773476
"1354","1807023",0.40033032644527
"1355","1807033",0.415121176021767
"1356","1807043",0.359250365206053
"1357","1807052",0.421940451793615
"1358","1807062",0.351198482252845
"1359","1807072",0.439766678331563
"1360","1807083",0.462352936353675
"1361","1807092",0.40845001727928
"1362","1807102",0.362366219287352
"1363","1808011",0.513944016152016
"1364","1808022",0.362178928018293
"1365","1808032",0.322014842083629
"1366","1808042",0.375365477054355
"1367","1808053",0.357100149974439
"1368","1809011",0.505960070080224
"1369","1809023",0.354749651770304
"1370","1809032",0.357950004266085
"1371","1809042",0.373201591634714
"1372","1809053",0.358403086281749
"1373","1809063",0.335945456525804
"1374","1809072",0.392382537633398
"1375","1809082",0.348320134650204
"1376","1810011",0.580017637084449
"1377","1810022",0.36523756236528
"1378","1810032",0.433467223591427
"1379","1810042",0.409001984874882
"1380","1810052",0.415499057206559
"1381","1810062",0.315411770127563
"1382","1810072",0.376185789771306
"1383","1811011",0.515348024949824
"1384","1811022",0.390763880605986
"1385","1811032",0.461377672211075
"1386","1811042",0.28481014253924
"1387","1811052",0.444555666658751
"1388","1811062",0.409777281723684
"1389","1811073",0.378541045930602
"1390","1811083",0.461999995120734
"1391","1811092",0.34905440397803
"1392","1811102",0.39099549788089
"1393","1812012",0.398014707735706
"1394","1812022",0.392427077941941
"1395","1812032",0.371594874881708
"1396","1812042",0.287473721583793
"1397","1812053",0.375282279884225
"1398","1812063",0.385000395711096
"1399","1812073",0.329906984503135
"1400","1813012",0.27531172124348
"1401","1813022",0.336058689334547
"1402","1813032",0.238957643717332
"1403","1813042",0.263256548427555
"1404","1813052",0.325577289267691
"1405","1813062",0.252664633968279
"1406","1813072",0.336145578011205
"1407","1813092",0.29856418601941
"1408","1813102",0.375840256451692
"1409","1814011",0.542082166756422
"1410","1814022",0.396512164813513
"1411","1814032",0.373787263930431
"1412","1814042",0.333381667922657
"1413","1814053",0.342860982086612
"1414","1814062",0.337194167258251
"1415","1814073",0.424472430936545
"1416","1814082",0.372470738967625
"1417","1814092",0.404924300157072
"1418","1815012",0.320887812012302
"1419","1815022",0.421594948612314
"1420","1815033",0.431015319556478
"1421","1815043",0.401513709120314
"1422","1815052",0.315837219747159
"1423","1816011",0.486652713896486
"1424","1816023",0.409607346567782
"1425","1816033",0.430242952999153
"1426","1816042",0.375763250260111
"1427","1816052",0.261905030084045
"1428","1816063",0.400912136947928
"1429","1816072",0.41052029909192
"1430","1816082",0.375902650981572
"1431","1816092",0.435218804498988
"1432","1816102",0.39238533171037
"1433","1816113",0.439432973272799
"1434","1816122",0.413701511429382
"1435","1816132",0.487383217215058
"1436","1816143",0.383233424805485
"1437","1817011",0.563360723854966
"1438","1817022",0.415255569231589
"1439","1817032",0.480243571885311
"1440","1817042",0.336874670474975
"1441","1817052",0.223759916156245
"1442","1817062",0.370031554052561
"1443","1817073",0.402332636189424
"1444","1817082",0.345563853128236
"1445","1818011",0.521134925915897
"1446","1818022",0.389355581692235
"1447","1818032",0.386141761116864
"1448","1818042",0.393551262293059
"1449","1818053",0.36619575618824
"1450","1818062",0.370214281278421
"1451","1819012",0.375826750676942
"1452","1819022",0.373774475483863
"1453","1819032",0.349040693145608
"1454","1819043",0.383983491433017
"1455","1819052",0.374565478803158
"1456","1820013",0.39510783723269
"1457","1820022",0.406528472731059
"1458","1820032",0.398740166107213
"1459","1820043",0.413633872480466
"1460","1821022",0.446249529090292
"1461","1821033",0.378630499242389
"1462","1821042",0.310389711215122
"1463","1821052",0.409710127835284
"1464","1861011",0.597267485134501
"1465","1862011",0.510931327075391
"1466","1863011",0.558163840993544
"1467","1864011",0.524579913472038
"1468","2001011",0.516685362431477
"1469","2001022",0.305508859222224
"1470","2001032",0.333126162922952
"1471","2001043",0.259320417898108
"1472","2001052",0.286444339480812
"1473","2001072",0.293442021289211
"1474","2002013",0.297206155292073
"1475","2002023",0.395875218379105
"1476","2002032",0.437176021268256
"1477","2002042",0.349870618132286
"1478","2002052",0.390772358580506
"1479","2002063",0.426531600541747
"1480","2002073",0.385533805927841
"1481","2002082",0.288178293062219
"1482","2002093",0.370884193995514
"1483","2002103",0.316510488186994
"1484","2002112",0.427294538194186
"1485","2002123",0.372309269310847
"1486","2002133",0.369668803661036
"1487","2002143",0.254892804235265
"1488","2002152",0.392040878409864
"1489","2003011",0.538560003243811
"1490","2003021",0.517287589032441
"1491","2003032",0.345703116792541
"1492","2003042",0.395067456677745
"1493","2003052",0.329562915312517
"1494","2003062",0.440007351194832
"1495","2003072",0.356474082613533
"1496","2003082",0.412115098245063
"1497","2004011",0.470560162243941
"1498","2004022",0.212635710924302
"1499","2004032",0.356510395285235
"1500","2004043",0.266664985075805
"1501","2004053",0.354310846304645
"1502","2004062",0.372231685170561
"1503","2005011",0.501919295824841
"1504","2005022",0.415347064469884
"1505","2005032",0.331508048900469
"1506","2005042",0.381962073654496
"1507","2005052",0.346082428364809
"1508","2005062",0.296880537575304
"1509","2005073",0.421624940511949
"1510","2005082",0.400654371461354
"1511","2005092",0.3821850154237
"1512","2006011",0.490041917184248
"1513","2006022",0.323464537290198
"1514","2006032",0.23501829807567
"1515","2006042",0.325231905073873
"1516","2006062",0.230952521052583
"1517","2007013",0.29566984818311
"1518","2007022",0.315737815481677
"1519","2007032",0.324883588898736
"1520","2007043",0.379697110033716
"1521","2007052",0.439057549668826
"1522","2007062",0.456069174018104
"1523","2007072",0.401117791665275
"1524","2007082",0.341546335607369
"1525","2007092",0.33274758867869
"1526","2008013",0.328570084316858
"1527","2008022",0.364646098016032
"1528","2008032",0.377974377771535
"1529","2008043",0.441538048939556
"1530","2008052",0.33698485274206
"1531","2008063",0.419337563603018
"1532","2008072",0.319037931855237
"1533","2009011",0.61605190834413
"1534","2009022",0.238315105524542
"1535","2009032",0.251254433524303
"1536","2009042",0.364386456476722
"1537","2010011",0.596393798316719
"1538","2010023",0.476897128156172
"1539","2010032",0.293824791513312
"1540","2010042",0.35046544850554
"1541","2010052",0.52531475346754
"1542","2010062",0.264458024436228
"1543","2010072",0.274876075246753
"1544","2010082",0.394660292589933
"1545","2011013",0.382328309662365
"1546","2011022",0.372713103316682
"1547","2011043",0.275469099566535
"1548","2011052",0.245667638012027
"1549","2011062",0.162974854045553
"1550","2011072",0.203473411402337
"1551","2011083",0.410665897065233
"1552","2011093",0.326738302518284
"1553","2011102",0.223007146329148
"1554","2012012",0.375166946058306
"1555","2012022",0.383867140271662
"1556","2012032",0.367033840751373
"1557","2012042",0.442792613693632
"1558","2012052",0.296792138882163
"1559","2012062",0.393759775558445
"1560","2012082",0.390095850279471
"1561","2012092",0.319228115697357
"1562","2013011",0.738601249041065
"1563","2013023",0.379833230016393
"1564","2013033",0.473840269146785
"1565","2013042",0.421720163525418
"1566","2013052",0.463843979040451
"1567","2013062",0.368076582212833
"1568","2013072",0.50613383516627
"1569","2013082",0.449514295589736
"1570","2013093",0.409211188414884
"1571","2013102",0.151050925534542
"1572","2014011",0.554133056743345
"1573","2014022",0.390489578729389
"1574","2014032",0.370675736060872
"1575","2014042",0.396490262114133
"1576","2014052",0.270218597351726
"1577","2061011",0.573833919848942
"1578","2062011",0.5311705965489
"1579","2063011",0.512275557097314
"1580","2201012",0.350316415088633
"1581","2201023",0.485643282557688
"1582","2201032",0.350854221320876
"1583","2201042",0.316239547189523
"1584","2201052",0.428728410266002
"1585","2201063",0.368731615885779
"1586","2201072",0.423324520398227
"1587","2201082",0.49531776929923
"1588","2201092",0.358084273309022
"1589","2201102",0.471914037178069
"1590","2202011",0.531470585924376
"1591","2202023",0.427351662692267
"1592","2202032",0.369295921555622
"1593","2202043",0.381646825318822
"1594","2202052",0.358892326007963
"1595","2203011",0.562994589024722
"1596","2203023",0.374155922503078
"1597","2203032",0.305156227982509
"1598","2203043",0.339769698116897
"1599","2203052",0.28810142143647
"1600","2203062",0.345183329699558
"1601","2203072",0.341157005874267
"1602","2204011",0.570265692204354
"1603","2204022",0.359111241219467
"1604","2204032",0.668179163225951
"1605","2204042",0.421826345319254
"1606","2204052",0.350085198583117
"1607","2204062",0.450367042906242
"1608","2204072",0.430290786831581
"1609","2204082",0.396572639572259
"1610","2205012",0.43137401190296
"1611","2205023",0.520925261636879
"1612","2205032",0.399028836170885
"1613","2205042",0.44911329607744
"1614","2205052",0.384357611204286
"1615","2205062",0.537599642753328
"1616","2205072",0.416843520422278
"1617","2205083",0.4924284337663
"1618","2206011",0.560099209909709
"1619","2206022",0.456175795605315
"1620","2206032",0.430233257025166
"1621","2206042",0.353303687192099
"1622","2206052",0.372121180298907
"1623","2206062",0.415285452383609
"1624","2206072",0.415994478582041
"1625","2206082",0.402578372600553
"1626","2207011",0.497336667486704
"1627","2207022",0.328183505780604
"1628","2207032",0.352618066349482
"1629","2207043",0.378016042039562
"1630","2207052",0.426654694950085
"1631","2207062",0.330122118926459
"1632","2208011",0.468117928846345
"1633","2208021",0.621710597721152
"1634","2208032",0.416452144744876
"1635","2208042",0.381575742444044
"1636","2208052",0.324317076432543
"1637","2209011",0.497170124151636
"1638","2209032",0.285601267045288
"1639","2209062",0.315095570744642
"1640","2209073",0.345035238058921
"1641","2209082",0.391316729351597
"1642","2210011",0.517242770054381
"1643","2210023",0.40184056839117
"1644","2210032",0.26659510414666
"1645","2210042",0.419173909787186
"1646","2211011",0.493640616155479
"1647","2211023",0.466971327269328
"1648","2211043",0.51306754542427
"1649","2211052",0.458927956060801
"1650","2211062",0.406939817654342
"1651","2211072",0.432199389617851
"1652","2212011",0.619817495829239
"1653","2212022",0.325893902850211
"1654","2212032",0.378026001513481
"1655","2212042",0.357965225172627
"1656","2212053",0.369476551775045
"1657","2212062",0.381082879021322
"1658","2212072",0.360927840164306
"1659","2212082",0.431296391784373
"1660","2212092",0.385415026961952
"1661","2212102",0.240365782515089
"1662","2213013",0.478057882589167
"1663","2213021",0.517746700678001
"1664","2213031",0.485303962992882
"1665","2213042",0.4014757519491
"1666","2213052",0.42177777171917
"1667","2213062",0.391019686978849
"1668","2213072",0.365248597381377
"1669","2213082",0.348669334578898
"1670","2213093",0.435213207008394
"1671","2213112",0.360186528295767
"1672","2213122",0.330967059927424
"1673","2213132",0.421598972825489
"1674","2214011",0.47519305822354
"1675","2214023",0.36135658055977
"1676","2214032",0.333763038510317
"1677","2214043",0.395968182840138
"1678","2214052",0.32309295807386
"1679","2214062",0.282156301686568
"1680","2215011",0.423231493380276
"1681","2215021",0.492346292701145
"1682","2215031",0.461170830905902
"1683","2215042",0.411675369347987
"1684","2215052",0.350313380127917
"1685","2215062",0.367785884510363
"1686","2215072",0.427093420281311
"1687","2215082",0.407798162151662
"1688","2215092",0.471651039766309
"1689","2215102",0.389577334909954
"1690","2216013",0.346345335990016
"1691","2216022",0.410041033197602
"1692","2216032",0.254315823899159
"1693","2216042",0.231479563530461
"1694","2216053",0.416462759684702
"1695","2261011",0.529199747240033
"1696","2262011",0.51006639955319
"1697","2263011",0.547551597903507
"1698","2264011",0.605339664790617
"1699","2401011",0.449536656922106
"1700","2401031",0.431266125609071
"1701","2401042",0.475127864131556
"1702","2401052",0.48555169618388
"1703","2401062",0.506529474142363
"1704","2401073",0.551012532840606
"1705","2401081",0.500762589356966
"1706","2402011",0.457140660440953
"1707","2402022",0.467028317432671
"1708","2402032",0.481678660624287
"1709","2402043",0.456994244917535
"1710","2402052",0.474932150640558
"1711","2402062",0.516974922697405
"1712","2402072",0.528500662716822
"1713","2402082",0.455407935782772
"1714","2402093",0.478625521417464
"1715","2402102",0.542439967923428
"1716","2403011",0.579818318541505
"1717","2403021",0.593255225446431
"1718","2403031",0.484842077526506
"1719","2403042",0.491405765451121
"1720","2403052",0.521133942294374
"1721","2403062",0.45398384907886
"1722","2403072",0.389758816443001
"1723","2403082",0.437164145599719
"1724","2403092",0.457308697616208
"1725","2403103",0.482197638192829
"1726","2403113",0.483139034790267
"1727","2403122",0.454807644118987
"1728","2404013",0.422235104485094
"1729","2404022",0.346762330716029
"1730","2404032",0.455142529245283
"1731","2404042",0.412904301712631
"1732","2404052",0.447111704273797
"1733","2404063",0.351911129402777
"1734","2404072",0.466919602726811
"1735","2404082",0.451671918304186
"1736","2404092",0.376321692727554
"1737","2404102",0.399262421660779
"1738","2404112",0.508870155464004
"1739","2404122",0.452957197599073
"1740","2404132",0.463017352106199
"1741","2404142",0.41382051456782
"1742","2404152",0.455647143184753
"1743","2404162",0.48799651508813
"1744","2405011",0.484792393183121
"1745","2405021",0.47763762196474
"1746","2405032",0.532746628406033
"1747","2405042",0.493711867698513
"1748","2405052",0.439320671679163
"1749","2405063",0.485582842688144
"1750","2405073",0.448887482855103
"1751","2405082",0.510600253214628
"1752","2406013",0.470669661668617
"1753","2406023",0.45329911724559
"1754","2406032",0.461141102908583
"1755","2406042",0.441566959107846
"1756","2406052",0.486142499661958
"1757","2406062",0.442065856882876
"1758","2406072",0.470214530561684
"1759","2406082",0.452969486060295
"1760","2406092",0.413595188037127
"1761","2407011",0.581242546484234
"1762","2407022",0.512643959316163
"1763","2407032",0.428874017576773
"1764","2407042",0.406081278504738
"1765","2407052",0.519609186405069
"1766","2407062",0.469927386902648
"1767","2407072",0.407425467235626
"1768","2407083",0.432633147240554
"1769","2408011",0.472997950577928
"1770","2408021",0.522937475844066
"1771","2408031",0.492714424431533
"1772","2408042",0.488350797749279
"1773","2408052",0.538366251833162
"1774","2409011",0.447433978021403
"1775","2409023",0.439115234878843
"1776","2409032",0.459220161276075
"1777","2409042",0.527814302732284
"1778","2409053",0.417329222851529
"1779","2410012",0.647706068414095
"1780","2410022",0.473496505711394
"1781","2410032",0.486623968413088
"1782","2410042",0.512923269979735
"1783","2410053",0.503088517455809
"1784","2410062",0.520295187532223
"1785","2411011",0.50740979589452
"1786","2411022",0.497550764377042
"1787","2411033",0.465306460236365
"1788","2411042",0.49997005075648
"1789","2411053",0.473364239656375
"1790","2411062",0.428115740250288
"1791","2411072",0.496513387711103
"1792","2411082",0.436894975844951
"1793","2412013",0.452333191027361
"1794","2412022",0.429147704867405
"1795","2412032",0.463979171957404
"1796","2412042",0.475816026481289
"1797","2412052",0.491677147351472
"1798","2413011",0.470776022619032
"1799","2413021",0.445131974472363
"1800","2413031",0.513455084092456
"1801","2413041",0.491482148422014
"1802","2413052",0.537881160075854
"1803","2413062",0.525796748262049
"1804","2413072",0.49598966721959
"1805","2413082",0.447757834060575
"1806","2413092",0.437160581009127
"1807","2414011",0.502132543982742
"1808","2414021",0.522041609639158
"1809","2414031",0.488287292651944
"1810","2414042",0.489418675754353
"1811","2414052",0.48503077118469
"1812","2415011",0.430131690672124
"1813","2415021",0.464418210509994
"1814","2415031",0.444160356095063
"1815","2415041",0.463863326169384
"1816","2415052",0.493241991463785
"1817","2415062",0.467958277985312
"1818","2415072",0.494711931906667
"1819","2415082",0.505742046493377
"1820","2415092",0.443116412090804
"1821","2416011",0.404459989754381
"1822","2416021",0.521340466995789
"1823","2416032",0.450278826569833
"1824","2416042",0.505136358635685
"1825","2416053",0.451807380480582
"1826","2416063",0.483252396745255
"1827","2416073",0.474925675899606
"1828","2416083",0.454458723685742
"1829","2416092",0.380863497307458
"1830","2416102",0.448423889718744
"1831","2417011",0.570311970533711
"1832","2417022",0.44813044481375
"1833","2417032",0.414479413269735
"1834","2417042",0.414709449706826
"1835","2417062",0.442559184218313
"1836","2417072",0.435803079997587
"1837","2417082",0.454490766290118
"1838","2417092",0.44224703907408
"1839","2417102",0.459854714886244
"1840","2417112",0.529369597077918
"1841","2417122",0.457109631873758
"1842","2417132",0.524550607614187
"1843","2417142",0.364210743686417
"1844","2417152",0.421952365004946
"1845","2461011",0.568160586123876
"1846","2464011",0.520177439697364
"1847","2465011",0.511237620740295
"1848","2466011",0.532008877334594
"1849","2467011",0.49649039979609
"1850","2468011",0.503376495131215
"1851","2469011",0.569596396410652
"1852","2470011",0.472802360303285
"1853","2471011",0.465184597712029
"1854","2472011",0.477561406719007
"1855","2473011",0.501314929608374
"1856","2475011",0.497777933864631
"1857","2477011",0.528319340473943
"1858","2478011",0.473356512469732
"1859","2479011",0.492790492576594
"1860","2601013",0.469183195076346
"1861","2601022",0.390738610891572
"1862","2601033",0.362334326460622
"1863","2601043",0.428806127950797
"1864","2601052",0.430592629572263
"1865","2601063",0.395965053230368
"1866","2601072",0.423587792258992
"1867","2601083",0.35204973698835
"1868","2602012",0.352878350274604
"1869","2602023",0.466922528041461
"1870","2602033",0.400916938915254
"1871","2602042",0.263894846703535
"1872","2602052",0.408334070158368
"1873","2602063",0.395164917060398
"1874","2602072",0.325680346180247
"1875","2602082",0.391874785314198
"1876","2602092",0.378116959423294
"1877","2603012",0.367925227306
"1878","2603022",0.404359441731128
"1879","2603033",0.440440086896884
"1880","2603043",0.493059222037506
"1881","2603053",0.324203681065235
"1882","2604012",0.381427960733061
"1883","2604023",0.352481562433108
"1884","2604033",0.368912248341756
"1885","2604043",0.408959688651906
"1886","2604053",0.382734611534543
"1887","2604062",0.431435019345787
"1888","2604073",0.399436026179757
"1889","2604082",0.325812671947592
"1890","2604092",0.277664497178209
"1891","2604102",0.390926028544116
"1892","2604112",0.33083804684815
"1893","2604123",0.472120506280314
"1894","2604133",0.451314369348414
"1895","2604142",0.438553683709203
"1896","2604153",0.36153066107739
"1897","2604162",0.312899871368586
"1898","2604172",0.583014888642119
"1899","2604182",0.397206144135665
"1900","2604192",0.45752633595614
"1901","2605012",0.386914823877982
"1902","2605022",0.283104670718442
"1903","2605033",0.428399119208613
"1904","2605043",0.309155681435951
"1905","2605052",0.26035193561675
"1906","2605062",0.40785941728709
"1907","2605072",0.373199739668392
"1908","2605083",0.268011167174928
"1909","2606012",0.380243735510792
"1910","2606022",0.2525332719056
"1911","2606032",0.29824792291767
"1912","2606043",0.373241414463711
"1913","2606053",0.388470030340441
"1914","2606062",0.26686155796971
"1915","2606072",0.172352944677315
"1916","2606082",0.311718903608472
"1917","2607011",0.438796142544116
"1918","2607022",0.317636993290579
"1919","2607032",0.340160348250955
"1920","2607043",0.258992451012597
"1921","2607053",0.26816710983498
"1922","2607062",0.296677904170213
"1923","2608013",0.346923325161516
"1924","2608022",0.387859873764442
"1925","2608032",0.356813754204912
"1926","2608043",0.491913781196861
"1927","2608052",0.387527493781223
"1928","2609022",0.420803350120495
"1929","2609033",0.345913809757205
"1930","2609043",0.427744113398336
"1931","2609052",0.401440143981871
"1932","2609062",0.319682641374696
"1933","2609072",0.389741953124984
"1934","2609082",0.330561964311475
"1935","2609093",0.331164233391921
"1936","2610011",0.420357136093227
"1937","2610022",0.175560442971739
"1938","2610032",0.302598923608318
"1939","2610042",0.346353665347319
"1940","2610053",0.363075498652516
"1941","2611011",0.448115807027746
"1942","2611022",0.3465053899961
"1943","2611032",0.379565015158844
"1944","2611042",0.374422164856202
"1945","2611053",0.304026104186275
"1946","2612012",0.397804264894666
"1947","2612022",0.414584545806203
"1948","2612033",0.379806519964076
"1949","2612043",0.380194690333421
"1950","2612053",0.511780385735063
"1951","2612062",0.412710493830368
"1952","2612073",0.442938664478133
"1953","2612083",0.384741176320278
"1954","2613012",0.376486528195088
"1955","2613022",0.398732449020177
"1956","2613032",0.251713228725681
"1957","2613042",0.362341950338423
"1958","2613052",0.388924118967599
"1959","2613063",0.449534849571524
"1960","2661011",0.536241699755161
"1961","2801011",0.474771488319786
"1962","2801021",0.637253722227561
"1963","2801032",0.191889296598582
"1964","2801043",0.256705959993793
"1965","2801052",0
"1966","2801063",0.26901509279112
"1967","2802011",0.516207704667107
"1968","2802022",0.0264594789940251
"1969","2802033",0.269329646275236
"1970","2802042",0.17699306553926
"1971","2802053",0.276150396808516
"1972","2802062",0.246447585617274
"1973","2802072",0.162614099645689
"1974","2803011",0.497549356817621
"1975","2803022",0.210048135924951
"1976","2803032",0.376580378994294
"1977","2803043",0.361353256336579
"1978","2803052",0.294245313804578
"1979","2803062",0.407136694396909
"1980","2804012",0.244953963350451
"1981","2804022",0.238929954813965
"1982","2804032",0.288035574909623
"1983","2804042",0.268332107499231
"1984","2804052",0.262270285349569
"1985","2804063",0.314835197900901
"1986","2804073",0.337075552100052
"1987","2804082",0.156638269984589
"1988","2804093",0.301381583862334
"1989","2805011",0.465525534118727
"1990","2805022",0.227054520892698
"1991","2805032",0.25292050774477
"1992","2805042",0.191059223174257
"1993","2805052",0.221113598406828
"1994","2806011",0.516931778901548
"1995","2806042",0.306661192629319
"1996","2806052",0.334565980251311
"1997","2806062",0.29509351263879
"1998","2806083",0.262555264724265
"1999","2806102",0.346614498179066
"2000","2807011",0.569708415680579
"2001","2807021",0.462094231543042
"2002","2807032",0.311556937759757
"2003","2807043",0.42430014442414
"2004","2807052",0.514618798518118
"2005","2807063",0.34036033431758
"2006","2807073",0.35033949300097
"2007","2808011",0.485338937877919
"2008","2808022",0.292219074423944
"2009","2808043",0.232351539793908
"2010","2808053",0.269360318685977
"2011","2808062",0.281236950487912
"2012","2809011",0.537977094046694
"2013","2809032",0.183694986268994
"2014","2809042",0.329942924936797
"2015","2809053",0.330174888562386
"2016","2810011",0.534012345576302
"2017","2810023",0.40795189816683
"2018","2810042",0.372459106820485
"2019","2810052",0.358931833432797
"2020","2811012",0.315081828841605
"2021","2811022",0.337883511696826
"2022","2811032",0.156455283029963
"2023","2811043",0.469148114681629
"2024","2812011",0.514717796753752
"2025","2812022",0.321226420256881
"2026","2812032",0.387106776733752
"2027","2812042",0.412283416843653
"2028","2813032",0.285414209040743
"2029","2813043",0.432416672869886
"2030","2813052",0.24862711663128
"2031","2813062",0.3084249672857
"2032","2814013",0.386454002488232
"2033","2814023",0.37538879787763
"2034","2814033",0.354372932670156
"2035","2814042",0.437773198701201
"2036","2814052",0.397863425936621
"2037","2814063",0.301203936779298
"2038","2814072",0.351447825203125
"2039","2814082",0.264111838350703
"2040","2814093",0.432176760915746
"2041","2814102",0.326339299800068
"2042","2814112",0.474814700292692
"2043","2814122",0.198061384157884
"2044","2815011",0.503830075309317
"2045","2815022",0.295654667934153
"2046","2815042",0.322540524189151
"2047","2815052",0.332045177717772
"2048","2815063",0.335829176088574
"2049","2815073",0.343218491415449
"2050","2815083",0.391708411349441
"2051","2815092",0.336972908672574
"2052","2816013",0.296826752221493
"2053","2816023",0.386504428986966
"2054","2816033",0.411453275939492
"2055","2816043",0.313636123520131
"2056","2817011",0.628617322872098
"2057","2817022",0.286364960187217
"2058","2817032",0.358672016437578
"2059","2817043",0.406490470068783
"2060","2817052",0.269704774004925
"2061","2817062",0.247544314088279
"2062","2817072",0.326531904366348
"2063","2817083",0.349751367920647
"2064","2818012",0.298194183139917
"2065","2818022",0.289078183969326
"2066","2818033",0.439100041095645
"2067","2819012",0.176384396747061
"2068","2819022",0.295277318384485
"2069","2819033",0.399763706797043
"2070","2861011",0.496203163117313
"2071","2862011",0.578712878424433
"2072","3001011",0.495188872606758
"2073","3001022",0.4205489385919
"2074","3001043",0.500450047537532
"2075","3001053",0.396013233244082
"2076","3002011",0.615076266994314
"2077","3002022",0.371775199554548
"2078","3002032",0.418934898700887
"2079","3002043",0.441386202050476
"2080","3002052",0.463977090817489
"2081","3002062",0.47711780914517
"2082","3002073",0.465761763460448
"2083","3002083",0.446778976718855
"2084","3003011",0.557686189773242
"2085","3003023",0.475817074076256
"2086","3003042",0.443814033275058
"2087","3003053",0.456382529683363
"2088","3003062",0.472452042642576
"2089","3003072",0.326570029061843
"2090","3003082",0.371735416969142
"2091","3003093",0.435615167723944
"2092","3003103",0.468372334307293
"2093","3004013",0.473195551401841
"2094","3004023",0.49967463366629
"2095","3004033",0.507530161971136
"2096","3004042",0.466140013095298
"2097","3004052",0.467666002446207
"2098","3004063",0.435251916488756
"2099","3004073",0.445938895407998
"2100","3005012",0.471478465281641
"2101","3005023",0.489042556673338
"2102","3005032",0.451345984010494
"2103","3005043",0.449398682675672
"2104","3005053",0.462935446990876
"2105","3006013",0.439669176518052
"2106","3006023",0.495970045289168
"2107","3006032",0.406730950514312
"2108","3006043",0.427479605410329
"2109","3007012",0.420276747823829
"2110","3007022",0.479118670226802
"2111","3007032",0.455314789704551
"2112","3007042",0.42602627181642
"2113","3007052",0.368775197555306
"2114","3007062",0.40859284656317
"2115","3007072",0.41307518714374
"2116","3007083",0.496615494303223
"2117","3007093",0.493329598037171
"2118","3007102",0.459997251239423
"2119","3007112",0.384479476879832
"2120","3008012",0.50702657357274
"2121","3008022",0.464879700744051
"2122","3008033",0.549742176484377
"2123","3008042",0.536797868066724
"2124","3008052",0.489095909794027
"2125","3008062",0.457598272313067
"2126","3008072",0.487117024357542
"2127","3009011",0.601836399269934
"2128","3009022",0.363577488982827
"2129","3009032",0.450822592915284
"2130","3009043",0.354327565734415
"2131","3009052",0.42803247591084
"2132","3009063",0.432710094613075
"2133","3009072",0.342278528990519
"2134","3009082",0.357659948465938
"2135","3009092",0.382740415005738
"2136","3009102",0.352845000531378
"2137","3009113",0.330546605850523
"2138","3010013",0.360523045830617
"2139","3010022",0.426559660826389
"2140","3010032",0.363992321990759
"2141","3010043",0.468805468378742
"2142","3010052",0.344899502334631
"2143","3010062",0.417600097633738
"2144","3010073",0.432985727844206
"2145","3010082",0.401506236444834
"2146","3010092",0.421107050882737
"2147","3010103",0.403765700391271
"2148","3010112",0.45661608363111
"2149","3010123",0.42783900802072
"2150","3010132",0.330910213493459
"2151","3010142",0.362471272771489
"2152","3011023",0.45305420212381
"2153","3011032",0.413838927077487
"2154","3011043",0.486281026251823
"2155","3011053",0.486336440582007
"2156","3012011",0.473904317587843
"2157","3012023",0.442288174798964
"2158","3012033",0.481715106914371
"2159","3012043",0.502728473804404
"2160","3012052",0.451961803172216
"2161","3012063",0.437269326194353
"2162","3013012",0.495593507123737
"2163","3013022",0.406779157853123
"2164","3013033",0.464846334285974
"2165","3013043",0.470852277023899
"2166","3013052",0.375005910517035
"2167","3013062",0.415104624728387
"2168","3013072",0.508278930043183
"2169","3014012",0.422693683931233
"2170","3014033",0.506853713689637
"2171","3014043",0.449857149962498
"2172","3015012",0.479624523236158
"2173","3015023",0.464685737215877
"2174","3015032",0.447361605391527
"2175","3015043",0.533528367985264
"2176","3015053",0.485835205963582
"2177","3015063",0.474629774185889
"2178","3016013",0.487202691100143
"2179","3016023",0.424146495958524
"2180","3016032",0.426195737738409
"2181","3017011",0.560091870432536
"2182","3017023",0.510134763078262
"2183","3017033",0.4882932896518
"2184","3017042",0.487576315025304
"2185","3017052",0.442506050122779
"2186","3017063",0.423211396533185
"2187","3017072",0.410547248002968
"2188","3017082",0.417639732922876
"2189","3018012",0.476856285482235
"2190","3018022",0.471750971068338
"2191","3018033",0.516970457614042
"2192","3018042",0.504789758471447
"2193","3018063",0.453435671893218
"2194","3018073",0.498590016599799
"2195","3019011",0.508270860166942
"2196","3019022",0.391241024731822
"2197","3019032",0.452082774305948
"2198","3019043",0.409260856705486
"2199","3019052",0.421955573588937
"2200","3019062",0.313261738383364
"2201","3019073",0.392000013191877
"2202","3019083",0.397550246130302
"2203","3019093",0.376095346866977
"2204","3020013",0.449179727554002
"2205","3020022",0.39495096064898
"2206","3020033",0.422181823852518
"2207","3020042",0.382087818117874
"2208","3020052",0.405685367143701
"2209","3020063",0.514017282265694
"2210","3021011",0.527678857603591
"2211","3021021",0.637530362182654
"2212","3021033",0.508715556263081
"2213","3021042",0.477544670005359
"2214","3021052",0.509492915610383
"2215","3021062",0.545053742793425
"2216","3021072",0.495721540529302
"2217","3021083",0.457189238231315
"2218","3021093",0.486305031991023
"2219","3021103",0.463882342216136
"2220","3021113",0.483544353791436
"2221","3021123",0.508451144513097
"2222","3021132",0.430123437790047
"2223","3021143",0.500157001952541
"2224","3021152",0.603354997895791
"2225","3021163",0.511196908950239
"2226","3021172",0.609573097777932
"2227","3022013",0.422012807441244
"2228","3022023",0.507235033569674
"2229","3022033",0.45125093433785
"2230","3022042",0.463720078403599
"2231","3022053",0.478013634717688
"2232","3023011",0.616026046343195
"2233","3023022",0.384916306697781
"2234","3023032",0.494388863841196
"2235","3023042",0.373472062976906
"2236","3023052",0.507812605150184
"2237","3023062",0.34753225648922
"2238","3023072",0.419618978269545
"2239","3023083",0.426649208052366
"2240","3024011",0.655261841810044
"2241","3024022",0.428735151426417
"2242","3024032",0.511172870645735
"2243","3024053",0.425969427910739
"2244","3024063",0.478906221921317
"2245","3024073",0.485338420240365
"2246","3024083",0.50193933437087
"2247","3025012",0.363358929101063
"2248","3025022",0.456548221301144
"2249","3025032",0.44021452977579
"2250","3025043",0.495728171106779
"2251","3025052",0.456742869534772
"2252","3026012",0.50246406978008
"2253","3026023",0.400448581944361
"2254","3026033",0.457312759066146
"2255","3026043",0.522591389588027
"2256","3027011",0.570602568342695
"2257","3027022",0.44999729119404
"2258","3027033",0.374717235409687
"2259","3027042",0.41959691982106
"2260","3027052",0.473149377554146
"2261","3027062",0.469867080347533
"2262","3027073",0.415219597821413
"2263","3027082",0.392372299507265
"2264","3027092",0.461141338748263
"2265","3028011",0.539869680049524
"2266","3028022",0.428969303134526
"2267","3028033",0.403862904471635
"2268","3028042",0.40775566462372
"2269","3028053",0.454466868613275
"2270","3028062",0.3908834750047
"2271","3028072",0.340846287901567
"2272","3029012",0.500593369527857
"2273","3029022",0.476935571688598
"2274","3029033",0.505654749780623
"2275","3030012",0.4042957888955
"2276","3030023",0.461666609315474
"2277","3030033",0.528127467838432
"2278","3030043",0.426122230837771
"2279","3030053",0.50506680475381
"2280","3031011",0.541648533871835
"2281","3031023",0.409979254945132
"2282","3031033",0.468494260424367
"2283","3031042",0.381302124774537
"2284","3031053",0.39954700513872
"2285","3031062",0.291539655842929
"2286","3031072",0.392038381288674
"2287","3031082",0.335243845847535
"2288","3061011",0.551919199805134
"2289","3062011",0.597748375307378
"2290","3063011",0.606651579995115
"2291","3064011",0.576781687322163
"2292","3201011",0.446376915208681
"2293","3201033",0.385206127269364
"2294","3201043",0.283391710392445
"2295","3202012",0.336730441562686
"2296","3202023",0.441639376986458
"2297","3202033",0.291219439451788
"2298","3202042",0.239369873080424
"2299","3202053",0.315606765444333
"2300","3202063",0.287541043385407
"2301","3203013",0.370316183093746
"2302","3203023",0.429724095094567
"2303","3203033",0.385938119797308
"2304","3203052",0.361283608821427
"2305","3203063",0.36252268919996
"2306","3204023",0.513059790563078
"2307","3204033",0.369122588204771
"2308","3204043",0.387191001947439
"2309","3204052",0.25021969554184
"2310","3204062",0.324386605614716
"2311","3204073",0.39642249295702
"2312","3205012",0.2985258027454
"2313","3205023",0.425433396909849
"2314","3205032",0.245444046737168
"2315","3205043",0.333211637046086
"2316","3205072",0.803534965724986
"2317","3205083",0.384121235008239
"2318","3206012",0.363123051966626
"2319","3206023",0.369447747266464
"2320","3206033",0.395491203158777
"2321","3206043",0.470816895931704
"2322","3206053",0.38719515133708
"2323","3206063",0.361143292138437
"2324","3206072",0.393153664302516
"2325","3206083",0.359441700393668
"2326","3206092",0.367944007928257
"2327","3207023",0.389490908988186
"2328","3207033",0.410110793552261
"2329","3207043",0.573893220192683
"2330","3207063",0.340054214523383
"2331","3208011",0.627728597527828
"2332","3208022",0.386731837754744
"2333","3208033",0.436187604457213
"2334","3208042",0.273660249068655
"2335","3208052",0.385677535328463
"2336","3208062",0.416402953533052
"2337","3208072",0.59713164032143
"2338","3209012",0.386229814564843
"2339","3209022",0.392546822487285
"2340","3209033",0.331623635244523
"2341","3209042",0.362935602147295
"2342","3209053",0.545713544056235
"2343","3209063",0.27640148394891
"2344","3209073",0.320838075041599
"2345","3209082",0.27768495178146
"2346","3210013",0.472553643958537
"2347","3210022",0.438936637923573
"2348","3210033",0.446295254266789
"2349","3210043",0.388314021689934
"2350","3210052",0.311421860688664
"2351","3211012",0.408492354719085
"2352","3211022",0.44188348309565
"2353","3211033",0.226235964234537
"2354","3211043",0.49103052207963
"2355","3212012",0.374323049722955
"2356","3212033",0.311011203422157
"2357","3212042",0.335206909619155
"2358","3212053",0.453857559590082
"2359","3213011",0.506643914585761
"2360","3213021",0.483887246689522
"2361","3213042",0.356615780550988
"2362","3213052",0.41528157177976
"2363","3214011",0.491909930852795
"2364","3214023",0.353732078449971
"2365","3214033",0.328785087977634
"2366","3214042",0.308375294884108
"2367","3214053",0.367840706082242
"2368","3214062",0.407035706444015
"2369","3214082",0.360336394366969
"2370","3214092",0.304770722688936
"2371","3214102",0.250094017394118
"2372","3214113",0.352727177972743
"2373","3215011",0.457439789645654
"2374","3215023",0.244570419968335
"2375","3215033",0.313992207895477
"2376","3215043",0.314604599785644
"2377","3215052",0.247800041390304
"2378","3215062",0.178883102145886
"2379","3216011",0.463302296552254
"2380","3216022",0.248674313376908
"2381","3216033",0.395435519531673
"2382","3216042",0.266156898985922
"2383","3216052",0.376660978227507
"2384","3216062",0.260134483927573
"2385","3217011",0.484160503619723
"2386","3217023",0.356400625425144
"2387","3217033",0.437829494654636
"2388","3217043",0.352238007935498
"2389","3218013",0.332561992080506
"2390","3218023",0.39857280349635
"2391","3218032",0.330960250193458
"2392","3218043",0.341285904076239
"2393","3218053",0.345642798971492
"2394","3261011",0.551436583749567
"2395","3262011",0.546081491459316
"2396","3263011",0.605955488068858
